"city","restaurant","offer","rating","review_count","local_service_hours","valid_from","valid_through","excluded_dates","conditions","offer_source","menu_source","rating_source","database_id","action"
"San Francisco","Fleming's Steakhouse - Walnut Creek","Lunch prix fixe","4.7","3016","Tue, Wed, Thu, Fri, Sat 11:00–15:00 (local time)","","","","","https://www.flemingssteakhouse.com/locations/ca/walnut-creek","https://www.flemingssteakhouse.com/menus/lunch","https://www.opentable.com/restaurant/profile/40057","740","created"
"San Francisco","Farmhouse Kitchen Thai Cuisine- Berkeley","WEEKDAY LUNCH SET","4.7","190","Mon, Tue, Wed, Thu, Fri 11:00–15:00 (local time)","","","","","https://www.opentable.com/restaurant/profile/1348462","https://www.opentable.com/restaurant/profile/1348462","https://www.opentable.com/restaurant/profile/1348462","741","created"
"San Francisco","Sasa","Lunch Menu","4.6","2353","Sun, Fri, Sat 11:30–15:00 (local time)","2026-10-02","","","","https://www.opentable.com/restaurant/profile/35128","https://www.opentable.com/restaurant/profile/35128","https://www.opentable.com/restaurant/profile/35128","742","created"
"San Francisco","Little Star Solano","Lunch Specials","4.5","385","Sun, Mon, Tue, Wed, Thu, Fri, Sat 11:00–16:00 (local time)","","","","","https://www.opentable.com/restaurant/profile/96469","https://www.opentable.com/restaurant/profile/96469","https://www.opentable.com/restaurant/profile/96469","743","created"
"San Francisco","Lily on Clement","Lunch Special","4.5","236","Sun, Fri, Sat 11:00–14:00 (local time)","2026-04-21","","","","https://www.opentable.com/restaurant/profile/1093423","https://www.opentable.com/restaurant/profile/1093423","https://www.opentable.com/restaurant/profile/1093423","744","created"
"San Francisco","Tacolicious - Mission District","🌮 The $18 Power Lunch 🌮","4.5","139","Mon, Tue, Wed, Thu, Fri 11:30–15:00 (local time)","2026-02-16","","","","https://www.opentable.com/restaurant/profile/1025680","https://www.opentable.com/restaurant/profile/1025680","https://www.opentable.com/restaurant/profile/1025680","203","updated"
"Seattle","Kisaku","Lunch Specials","4.7","829","Mon, Tue, Wed, Thu, Fri, Sat 11:30–14:00 (local time)","","","","","https://www.opentable.com/restaurant/profile/139090","https://www.opentable.com/restaurant/profile/139090","https://www.opentable.com/restaurant/profile/139090","745","created"
"Seattle","Momiji - SLU","Lunch Specials","4.7","301","Sun, Mon, Tue, Wed, Thu, Fri, Sat 11:00–14:00 (local time)","","","","","https://www.opentable.com/restaurant/profile/1171363","https://www.opentable.com/restaurant/profile/1171363","https://www.opentable.com/restaurant/profile/1171363","746","created"
"Seattle","Camp West","Lunch $20 - Beer & Burger","4.7","134","Mon, Tue, Wed, Thu, Fri 12:00–17:00 (local time); Sun, Sat 11:00–17:00 (local time)","2026-10-18","2026-10-31","","","https://www.opentable.com/restaurant/profile/1261891","https://www.opentable.com/restaurant/profile/1261891","https://www.opentable.com/restaurant/profile/1261891","747","created"
"Seattle","Ruth's Chris Steak House - Seattle","Lunch Prix Fixe","4.6","2677","Mon, Tue, Wed, Thu, Fri, Sat 11:00–14:45 (local time)","2023-04-25","","","","https://www.opentable.com/restaurant/profile/4094","https://www.opentable.com/restaurant/profile/4094","https://www.opentable.com/restaurant/profile/4094","748","created"
"Seattle","Baron's Sino Kitchen & Bar",""" Yum Cha"" Dim Sum and Lunch Specials at Baron's","4.6","582","Mon, Tue, Wed, Thu, Fri 11:30–14:15 (local time)","2021-02-27","","","","https://www.opentable.com/restaurant/profile/1039642","https://www.opentable.com/restaurant/profile/1039642","https://www.opentable.com/restaurant/profile/1039642","749","created"
"Seattle","P.F. Chang's - Lynnwood","Lunch Specials","4.6","143","Mon, Tue, Wed, Thu 11:00–15:00 (local time); Fri 11:00–15:00 (local time)","","","","Lunch prices and availability vary by location; rice/noodle upgrades may cost extra.","https://www.opentable.com/restaurant/profile/195925","https://www.opentable.com/restaurant/profile/195925","https://www.opentable.com/restaurant/profile/195925","750","created"
"San Jose","Uncle Yu's at the Vineyard","Lunch Specials","4.8","2033","Sun, Mon, Tue, Wed, Thu, Fri, Sat 11:00–15:00 (local time)","","","","","https://www.opentable.com/restaurant/profile/24883","https://www.opentable.com/restaurant/profile/24883","https://www.opentable.com/restaurant/profile/24883","751","created"
"San Jose","Pasta's Trattoria - Pleasanton","Lunch Specials","4.8","876","Mon, Tue, Wed, Thu, Fri 11:30–14:30 (local time); Sun, Sat 11:00–15:00 (local time)","","","","","https://www.opentable.com/restaurant/profile/4620","https://www.opentable.com/restaurant/profile/4620","https://www.opentable.com/restaurant/profile/4620","752","created"
"San Jose","Vito's Trattoria","Daily Lunch Specials","4.8","772","Mon, Tue, Wed, Thu, Fri 11:00–14:00 (local time)","","","","An entrée split charge of $3 applies.","https://www.opentable.com/restaurant/profile/186538","https://www.opentable.com/restaurant/profile/186538","https://www.opentable.com/restaurant/profile/186538","753","created"
"San Jose","Willow Street Wood-Fired Pizza - Los Gatos","LUNCH SPECIAL","4.8","568","Sun, Mon, Tue, Wed, Thu, Fri, Sat 11:30–16:00 (local time)","","","","","https://www.opentable.com/restaurant/profile/212884","https://www.opentable.com/restaurant/profile/212884","https://www.opentable.com/restaurant/profile/212884","754","created"
"San Jose","Fleming's Steakhouse - Santa Clara","Lunch prix fixe","4.7","1279","Mon, Tue, Wed, Thu, Fri 11:00–15:00 (local time)","","","","","https://www.flemingssteakhouse.com/locations/ca/santa-clara","https://www.flemingssteakhouse.com/menus/lunch","https://www.opentable.com/restaurant/profile/984517","755","created"
"San Jose","Broadway Masala","Weekend Street Food Lunch Special","4.7","573","Sun, Sat 11:30–15:00 (local time)","2025-01-11","","2025-05-11; 2025-06-15; 2026-05-09; 2026-05-10; 2026-06-21","","https://www.opentable.com/restaurant/profile/254428","https://www.opentable.com/restaurant/profile/254428","https://www.opentable.com/restaurant/profile/254428","756","created"
"San Jose","Ristorante Il Porcino - Fremont","Lunch Specials","4.7","436","Tue, Wed, Thu, Fri, Sat 11:30–14:30 (local time)","","","","","https://www.opentable.com/restaurant/profile/250240","https://www.opentable.com/restaurant/profile/250240","https://www.opentable.com/restaurant/profile/250240","757","created"
"San Jose","Mantra India","Lunch Buffet","4.7","386","Sun, Mon, Tue, Wed, Thu, Fri, Sat 11:00–15:00 (local time)","","","","","https://www.opentable.com/restaurant/profile/139504","https://www.opentable.com/restaurant/profile/139504","https://www.opentable.com/restaurant/profile/139504","758","created"
"San Jose","Lazy Dog Restaurant & Bar - Dublin","Lunch Specials","4.7","134","Mon, Tue, Wed, Thu, Fri 11:00–16:00 (local time); Sun, Sat 10:00–16:00 (local time)","","","","","https://www.opentable.com/restaurant/profile/1378135","https://www.opentable.com/restaurant/profile/1378135","https://www.opentable.com/restaurant/profile/1378135","759","created"
"San Jose","Fleming's Steakhouse - Palo Alto","Lunch prix fixe","4.6","2074","Tue, Wed, Thu, Fri, Sat 11:00–15:00 (local time)","","","","","https://www.flemingssteakhouse.com/locations/ca/palo-alto","https://www.flemingssteakhouse.com/menus/lunch","https://www.opentable.com/restaurant/profile/40000","760","created"
"San Jose","INDO Restaurant & Lounge","Lunch Special","4.6","1163","Sun, Mon, Tue, Wed, Thu, Fri, Sat 11:00–14:00 (local time)","","","","","https://www.opentable.com/restaurant/profile/24","https://www.opentable.com/restaurant/profile/24","https://www.opentable.com/restaurant/profile/24","265","updated"
"San Jose","P.F. Chang's - Sunnyvale","Lunch Specials","4.6","133","Mon, Tue, Wed, Thu, Fri 11:00–15:00 (local time)","","","","Lunch prices and availability vary by location; rice/noodle upgrades may cost extra.","https://www.opentable.com/restaurant/profile/331984","https://www.opentable.com/restaurant/profile/331984","https://www.opentable.com/restaurant/profile/331984","270","updated"
"San Jose","Laili","Lunchtime Oasis","4.5","2923","Tue, Wed, Thu, Fri, Sat 11:30–14:30 (local time)","2024-05-31","","","","https://www.opentable.com/restaurant/profile/60544","https://www.opentable.com/restaurant/profile/60544","https://www.opentable.com/restaurant/profile/60544","761","created"
"San Jose","Ettan - Palo Alto","Lunch Specials","4.5","2101","Mon, Tue, Wed, Thu, Fri 11:30–13:45 (local time)","","","","","https://www.opentable.com/restaurant/profile/1057498","https://www.opentable.com/restaurant/profile/1057498","https://www.opentable.com/restaurant/profile/1057498","762","created"
"San Jose","La Viga Seafood","Weekday lunch, your way","4.5","447","Mon, Tue, Wed, Thu, Fri 11:30–14:30 (local time)","2026-08-31","","2026-12-24; 2026-12-25","","https://www.opentable.com/restaurant/profile/252088","https://www.opentable.com/restaurant/profile/252088","https://www.opentable.com/restaurant/profile/252088","273","updated"
"Los Angeles","Locanda Veneta","🍝 Lunch Special: 2 Courses for $24.95","4.9","1584","Mon, Tue, Wed, Thu, Fri 11:00–14:00 (local time)","2025-06-16","","","Sharing is not permitted.; Tax and gratuity are extra.","https://www.opentable.com/restaurant/profile/4785","https://www.opentable.com/restaurant/profile/4785","https://www.opentable.com/restaurant/profile/4785","763","created"
"Los Angeles","Eigikutei Omakase Sushi & Shabu-Shabu Kaiseki","OMAKASE SUSHI LUNCH SPECIALS","4.8","194","Sun, Tue, Wed, Thu, Fri, Sat 11:30–13:45 (local time)","2025-09-16","","2026-01-23; 2026-01-24; 2026-01-25; 2026-01-26; 2026-01-27; 2026-01-28; 2026-01-29; 2026-01-30; 2026-01-31; 2026-02-01; 2026-02-02; 2026-02-03; 2026-02-04; 2026-02-05; 2026-02-06","","https://www.opentable.com/restaurant/profile/1278820","https://www.opentable.com/restaurant/profile/1278820","https://www.opentable.com/restaurant/profile/1278820","764","created"
"Los Angeles","Fleming's Steakhouse - LA","Lunch prix fixe","4.7","2328","Sun, Mon, Tue, Wed, Thu, Fri, Sat 11:00–15:00 (local time)","","","","","https://www.flemingssteakhouse.com/locations/ca/los-angeles","https://www.flemingssteakhouse.com/menus/lunch","https://www.opentable.com/restaurant/profile/39961","765","created"
"Los Angeles","Fleming's Steakhouse - Pasadena","Lunch prix fixe","4.7","1772","Sun, Fri, Sat 11:00–15:00 (local time)","","","","","https://www.flemingssteakhouse.com/locations/ca/pasadena","https://www.flemingssteakhouse.com/menus/lunch","https://www.opentable.com/restaurant/profile/270763","766","created"
"Los Angeles","Cavatina at Sunset Marquis","Power Lunch Menu: Monday through Friday","4.7","1462","Mon, Tue, Wed, Thu, Fri 11:00–14:00 (local time)","2025-12-27","","2025-11-27; 2025-12-31; 2026-01-01; 2026-11-26","Substitutions on the prix fixe menu are not available.","https://www.opentable.com/restaurant/profile/31300","https://www.opentable.com/restaurant/profile/31300","https://www.opentable.com/restaurant/profile/31300","767","created"
"Los Angeles","THE Blvd - Beverly Wilshire, Beverly Hills, A Four Seasons Hotel","Power Lunch","4.7","1445","Mon, Tue, Wed, Thu, Fri 11:30–16:00 (local time)","2025-08-14","","2026-11-26","","https://www.opentable.com/restaurant/profile/3895","https://www.opentable.com/restaurant/profile/3895","https://www.opentable.com/restaurant/profile/3895","768","created"
"Los Angeles","Takami Sushi & Robata Restaurant","Sushi Lunch Combo","4.6","3583","Mon, Tue, Wed, Thu, Fri 11:30–14:00 (local time)","","","","","https://www.opentable.com/restaurant/profile/12526","https://www.opentable.com/restaurant/profile/12526","https://www.opentable.com/restaurant/profile/12526","103","updated"
"Los Angeles","HATCH","Lunch Specials: Bento Rice Bowl & Lunch Set","4.6","721","Tue, Wed, Thu, Fri 11:30–15:00 (local time)","2026-03-12","","","","https://www.opentable.com/restaurant/profile/1008481","https://www.opentable.com/restaurant/profile/1008481","https://www.opentable.com/restaurant/profile/1008481","769","created"
"Los Angeles","Eataly L.A. - Terra","Quick Italian Lunch","4.5","4130","Mon, Tue, Wed, Thu, Fri 11:30–17:00 (local time)","2026-08-03","","","","https://www.opentable.com/restaurant/profile/1004305","https://www.opentable.com/restaurant/profile/1004305","https://www.opentable.com/restaurant/profile/1004305","144","updated"
"San Diego","The Plot","Lunch Tasting Menu","4.9","1027","Wed, Thu, Fri 11:00–15:00 (local time)","2026-05-13","","","","https://www.opentable.com/restaurant/profile/1062841","https://www.opentable.com/restaurant/profile/1062841","https://www.opentable.com/restaurant/profile/1062841","770","created"
"San Diego","Green Dragon Tavern & Museum","Lunch Specials","4.7","1714","Sun, Tue, Wed, Thu, Fri, Sat 11:30–15:00 (local time)","","","","","https://www.opentable.com/restaurant/profile/116512","https://www.opentable.com/restaurant/profile/116512","https://www.opentable.com/restaurant/profile/116512","771","created"
"San Diego","Shimbashi Izakaya","Lunch Specials","4.6","1066","Mon, Tue, Wed, Thu, Fri 11:30–14:00 (local time)","","","","","https://www.opentable.com/restaurant/profile/60049","https://www.opentable.com/restaurant/profile/60049","https://www.opentable.com/restaurant/profile/60049","772","created"
"San Diego","P.F. Chang's - Carlsbad","Lunch Specials","4.6","310","Mon, Tue, Wed, Thu 11:00–15:00 (local time); Fri 11:00–15:00 (local time)","","","","Lunch prices and availability vary by location; rice/noodle upgrades may cost extra.","https://www.opentable.com/restaurant/profile/1023949","https://www.opentable.com/restaurant/profile/1023949","https://www.opentable.com/restaurant/profile/1023949","773","created"
"San Diego","Vintana Wine & Dine","LUNCH FEATURES","4.5","8820","Sun, Tue, Wed, Thu, Fri, Sat 11:30–14:00 (local time)","","","","","https://www.opentable.com/restaurant/profile/79210","https://www.opentable.com/restaurant/profile/79210","https://www.opentable.com/restaurant/profile/79210","774","created"
"Phoenix","Carbòn Mexican Eatery","Lunch Specials: Monday - Friday $3 off!","4.8","213","Mon, Tue, Wed, Thu, Fri 11:00–15:00 (local time)","2025-09-17","","","","https://www.opentable.com/restaurant/profile/1343458","https://www.opentable.com/restaurant/profile/1343458","https://www.opentable.com/restaurant/profile/1343458","297","updated"
"Phoenix","P.F. Chang's - Goodyear","Lunch Specials","4.8","191","Mon, Tue, Wed, Thu 11:00–15:00 (local time); Fri 11:00–15:00 (local time)","","","","Lunch prices and availability vary by location; rice/noodle upgrades may cost extra.","https://www.opentable.com/restaurant/profile/301729","https://www.opentable.com/restaurant/profile/301729","https://www.opentable.com/restaurant/profile/301729","299","updated"
"Phoenix","Fleming's Steakhouse - Scottsdale","Lunch prix fixe","4.7","2247","Mon, Tue, Wed, Thu, Fri 11:00–15:00 (local time)","","","","","https://www.flemingssteakhouse.com/locations/az/scottsdale-n-scottsdale-rd","https://www.flemingssteakhouse.com/menus/lunch","https://www.opentable.com/restaurant/profile/40036","775","created"
"Phoenix","Doughbird - North Central","Lunch Specials","4.7","297","Mon, Tue, Wed, Thu, Fri 11:00–14:00 (local time)","","","","","https://www.opentable.com/restaurant/profile/1324576","https://www.opentable.com/restaurant/profile/1324576","https://www.opentable.com/restaurant/profile/1324576","776","created"
"Phoenix","Nello's Pizzeria + Italian Kitchen - Ahwatukee","Lunch Special - $12.95","4.7","260","Mon, Tue, Wed, Thu, Fri 11:00–15:00 (local time)","2023-06-14","","","For dine-in guests only.","https://www.opentable.com/restaurant/profile/298078","https://www.opentable.com/restaurant/profile/298078","https://www.opentable.com/restaurant/profile/298078","777","created"
"Phoenix","P.F. Chang's - Chandler - Fashion Center","Lunch Specials","4.7","221","Mon, Tue, Wed, Thu 11:00–15:00 (local time); Fri 11:00–15:00 (local time)","","","","Lunch prices and availability vary by location; rice/noodle upgrades may cost extra.","https://www.opentable.com/restaurant/profile/196093","https://www.opentable.com/restaurant/profile/196093","https://www.opentable.com/restaurant/profile/196093","778","created"
"Phoenix","Craft 64 - Chandler","Free Soda or Iced Tea w/ Lunch Pizza Purchase!","4.7","189","Mon, Tue, Wed, Thu, Fri 11:00–15:00 (local time)","2025-04-24","","","A qualifying food purchase is required for the complimentary drink.","https://www.opentable.com/restaurant/profile/1264762","https://www.opentable.com/restaurant/profile/1264762","https://www.opentable.com/restaurant/profile/1264762","779","created"
"Phoenix","Copper & Sage Goodyear","C&S Lunch Specials","4.6","496","Mon, Tue, Wed, Thu, Fri 11:00–14:00 (local time)","","","","","https://www.opentable.com/restaurant/profile/1388971","https://www.opentable.com/restaurant/profile/1388971","https://www.opentable.com/restaurant/profile/1388971","780","created"
"Phoenix","Sogno Toscano - Arcadia","Lunch Special","4.6","282","Mon, Tue, Wed, Thu 11:00–16:00 (local time)","","","","","https://www.opentable.com/restaurant/profile/1480822","https://www.opentable.com/restaurant/profile/1480822","https://www.opentable.com/restaurant/profile/1480822","781","created"
"Phoenix","P.F. Chang's - Peoria","Lunch Specials","4.6","244","Mon, Tue, Wed, Thu 11:00–15:00 (local time); Fri 11:00–15:00 (local time)","","","","Lunch prices and availability vary by location; rice/noodle upgrades may cost extra.","https://www.opentable.com/restaurant/profile/196090","https://www.opentable.com/restaurant/profile/196090","https://www.opentable.com/restaurant/profile/196090","782","created"
"Phoenix","P.F. Chang's - Happy Valley","Lunch Specials","4.5","164","Mon, Tue, Wed, Thu 11:00–15:00 (local time); Fri 11:00–15:00 (local time)","","","","Lunch prices and availability vary by location; rice/noodle upgrades may cost extra.","https://www.opentable.com/restaurant/profile/301753","https://www.opentable.com/restaurant/profile/301753","https://www.opentable.com/restaurant/profile/301753","783","created"
"San Antonio","Haywire - La Cantera","Haywire's Daily Lunch Features","4.7","1144","Mon, Tue, Wed, Thu 11:00–16:00 (local time)","2025-06-12","","","","https://www.opentable.com/restaurant/profile/1383898","https://www.opentable.com/restaurant/profile/1383898","https://www.opentable.com/restaurant/profile/1383898","784","created"
"San Antonio","The Sicilian Butcher - San Antonio","2 Course Lunch Special - Daily 11am - 3pm","4.7","423","Sun, Mon, Tue, Wed, Thu, Fri, Sat 11:00–15:00 (local time)","2026-04-18","","2026-05-10","","https://www.opentable.com/restaurant/profile/1465549","https://www.opentable.com/restaurant/profile/1465549","https://www.opentable.com/restaurant/profile/1465549","785","created"
"San Antonio","Fleming's Steakhouse - San Antonio","Lunch prix fixe","4.5","1639","Sun, Mon, Tue, Wed, Thu, Fri, Sat 11:00–15:00 (local time)","","","","","https://www.flemingssteakhouse.com/locations/tx/san-antonio","https://www.flemingssteakhouse.com/menus/lunch","https://www.opentable.com/restaurant/profile/40024","786","created"
"San Antonio","Esquire Tavern","Weekday Lunch Specials","4.5","699","Mon, Tue, Wed, Thu, Fri 11:30–14:00 (local time)","2026-06-30","","","","https://www.opentable.com/restaurant/profile/57577","https://www.opentable.com/restaurant/profile/57577","https://www.opentable.com/restaurant/profile/57577","337","updated"
"San Antonio","Thai Topaz","Lunch Specials (Tofu/Chicken)","4.5","111","Mon, Tue, Wed, Thu, Fri 11:00–15:00 (local time)","","","","For dine-in guests only.","https://www.opentable.com/restaurant/profile/172063","https://www.opentable.com/restaurant/profile/172063","https://www.opentable.com/restaurant/profile/172063","787","created"
"Austin","Freda's Seafood Grille","Lunch Specials","4.8","1947","Mon, Tue, Wed, Thu, Fri 11:30–14:00 (local time)","","","","","https://www.opentable.com/restaurant/profile/161971","https://www.opentable.com/restaurant/profile/161971","https://www.opentable.com/restaurant/profile/161971","352","updated"
"Austin","Fleming's Steakhouse - Austin The Domain","Lunch prix fixe","4.8","1865","Sun, Mon, Tue, Wed, Thu, Fri, Sat 11:00–15:00 (local time)","","","","","https://www.flemingssteakhouse.com/locations/tx/austin-the-domain","https://www.flemingssteakhouse.com/menus/lunch","https://www.opentable.com/restaurant/profile/39883","788","created"
"Austin","The Grove Wine Bar & Kitchen - Westlake","Lunch Combos","4.8","1308","Mon, Tue, Wed, Thu, Fri 11:00–15:00 (local time)","","","","For dine-in guests only.","https://www.opentable.com/restaurant/profile/114115","https://www.opentable.com/restaurant/profile/114115","https://www.opentable.com/restaurant/profile/114115","789","created"
"Austin","Casa Do Brasil- Austin","Lunch Specials","4.8","911","Mon, Tue, Wed, Thu, Fri 11:00–15:00 (local time)","","","","","https://www.opentable.com/restaurant/profile/1272274","https://www.opentable.com/restaurant/profile/1272274","https://www.opentable.com/restaurant/profile/1272274","357","updated"
"Austin","P.F. Chang's - Austin - Arboretum","Lunch Specials","4.8","263","Mon, Tue, Wed, Thu 11:00–15:00 (local time); Fri 11:00–15:00 (local time)","","","","Lunch prices and availability vary by location; rice/noodle upgrades may cost extra.","https://www.opentable.com/restaurant/profile/332182","https://www.opentable.com/restaurant/profile/332182","https://www.opentable.com/restaurant/profile/332182","363","updated"
"Austin","CARVE American Grille - Barton Creek","Lunch Features","4.7","4185","Sun, Mon, Tue, Wed, Thu, Fri, Sat 11:00–15:00 (local time)","","","","","https://www.opentable.com/restaurant/profile/1045438","https://www.opentable.com/restaurant/profile/1045438","https://www.opentable.com/restaurant/profile/1045438","790","created"
"Austin","The Grove Wine Bar & Kitchen - Lakeway","Lunch Combos","4.7","1215","Mon, Tue, Wed, Thu, Fri 11:00–15:00 (local time)","","","","For dine-in guests only.","https://www.opentable.com/restaurant/profile/167665","https://www.opentable.com/restaurant/profile/167665","https://www.opentable.com/restaurant/profile/167665","791","created"
"Austin","Nômadé","Friday Lunch","4.7","978","Fri 11:00–14:30 (local time)","2025-08-01","","","","https://www.opentable.com/restaurant/profile/1271542","https://www.opentable.com/restaurant/profile/1271542","https://www.opentable.com/restaurant/profile/1271542","792","created"
"Austin","CARVE American Grille - Central Austin","Lunch Features","4.6","1238","Sun, Mon, Tue, Wed, Thu, Fri, Sat 11:00–15:00 (local time)","","","","","https://www.opentable.com/restaurant/profile/1286701","https://www.opentable.com/restaurant/profile/1286701","https://www.opentable.com/restaurant/profile/1286701","793","created"
"Austin","Haywire - Domain","Haywire's Daily Lunch Features","4.6","727","Mon, Tue, Wed, Thu 11:00–16:00 (local time)","2025-07-31","","","","https://www.opentable.com/restaurant/profile/1383895","https://www.opentable.com/restaurant/profile/1383895","https://www.opentable.com/restaurant/profile/1383895","381","updated"
"Austin","Bellissima Italian Mediterranean Restaurant","Lunch Special","4.6","101","Mon, Tue, Wed, Thu 11:00–15:00 (local time); Fri, Sat 11:00–15:00 (local time)","","","","","https://www.opentable.com/restaurant/profile/1405579","https://www.opentable.com/restaurant/profile/1405579","https://www.opentable.com/restaurant/profile/1405579","794","created"
"Austin","Serenade American Brasserie","Quick Fixe Lunch Special | Monday - Friday","4.5","118","Mon, Tue, Wed, Thu, Fri 11:00–13:45 (local time)","2025-10-15","","2025-11-27; 2025-12-24; 2025-12-25; 2025-12-31; 2026-01-01; 2026-02-14; 2026-05-10","","https://www.opentable.com/restaurant/profile/1392040","https://www.opentable.com/restaurant/profile/1392040","https://www.opentable.com/restaurant/profile/1392040","795","created"
"Fort Worth","Toro Toro Fort Worth","Lunch Buffet: All-You-Can-Eat | $18","4.7","1359","Mon, Tue, Wed, Thu, Fri 11:00–14:00 (local time)","2025-12-09","","","","https://www.opentable.com/restaurant/profile/22015","https://www.opentable.com/restaurant/profile/22015","https://www.opentable.com/r/toro-toro-fort-worth","14","updated"
"Fort Worth","Branch & Bird","Lunch special","4.7","899","Mon, Tue, Wed, Thu, Fri, Sat 11:00–14:00 (local time)","","","","","https://www.opentable.com/restaurant/profile/1004125","https://www.opentable.com/restaurant/profile/1004125","https://www.opentable.com/restaurant/profile/1004125","796","created"
"Fort Worth","American Revelry","Lunch Features","4.7","641","Tue, Wed, Thu, Fri 11:00–16:00 (local time)","","","","","https://www.opentable.com/restaurant/profile/1040020","https://www.opentable.com/restaurant/profile/1040020","https://www.opentable.com/restaurant/profile/1040020","797","created"
"Fort Worth","il Modo","Weekday Express Lunch","4.6","464","Mon, Tue, Wed, Thu, Fri 10:00–14:00 (local time)","2026-07-13","","","Tax and gratuity are extra.","https://www.opentable.com/restaurant/profile/1143271","https://www.opentable.com/restaurant/profile/1143271","https://www.opentable.com/restaurant/profile/1143271","406","updated"
"Fort Worth","The Sicilian Butcher - Fort Worth","2 Course Lunch Special - Daily 11am - 3pm","4.5","497","Sun, Mon, Tue, Wed, Thu, Fri, Sat 11:00–15:00 (local time)","2026-04-18","","2026-05-10","","https://www.opentable.com/restaurant/profile/1330066","https://www.opentable.com/restaurant/profile/1330066","https://www.opentable.com/restaurant/profile/1330066","798","created"
"Fort Worth","Rock & Brews - Grapevine","$12 Value Lunch","4.5","173","Mon, Tue, Wed, Thu, Fri 11:00–15:00 (local time)","2024-09-16","","","","https://www.opentable.com/restaurant/profile/1376275","https://www.opentable.com/restaurant/profile/1376275","https://www.opentable.com/restaurant/profile/1376275","412","updated"
"Fort Worth","Mimi's Cafe - Arlington","$14.99 Weekday Wow Lunch Combo","4.5","148","Mon, Tue, Wed, Thu, Fri 11:00–17:00 (local time)","2026-03-02","","","","https://www.opentable.com/restaurant/profile/225250","https://www.opentable.com/restaurant/profile/225250","https://www.opentable.com/restaurant/profile/225250","799","created"
"Dallas","Fearing's","Power Lunch","4.8","6420","Mon, Tue, Wed, Thu, Fri 11:30–14:00 (local time)","","","","","https://www.opentable.com/restaurant/profile/14941","https://www.opentable.com/restaurant/profile/14941","https://www.opentable.com/restaurant/profile/14941","800","created"
"Dallas","Campisi's - Mockingbird","Lunch Specials","4.8","122","Mon, Tue, Wed, Thu, Fri 11:00–16:00 (local time)","","","","","https://www.opentable.com/restaurant/profile/252787","https://www.opentable.com/restaurant/profile/252787","https://www.opentable.com/restaurant/profile/252787","801","created"
"Dallas","Haywire - Uptown Dallas","Haywire's Lunch Features","4.7","2707","Mon, Tue, Wed, Thu 11:00–16:00 (local time)","2025-07-09","","","","https://www.opentable.com/restaurant/profile/1157896","https://www.opentable.com/restaurant/profile/1157896","https://www.opentable.com/restaurant/profile/1157896","802","created"
"Dallas","The Fifth: Fireside Patio and Bar","Lunch Specials","4.7","811","Tue, Wed, Thu, Fri 11:00–15:00 (local time)","","","","","https://www.opentable.com/restaurant/profile/1036618","https://www.opentable.com/restaurant/profile/1036618","https://www.opentable.com/restaurant/profile/1036618","803","created"
"Dallas","Pie Tap Pizza + Rotisserie+ Bar - Design District","LUNCH SPECIALS","4.7","667","Mon, Tue, Wed, Thu, Fri 11:00–15:00 (local time)","","","","","https://www.opentable.com/restaurant/profile/253381","https://www.opentable.com/restaurant/profile/253381","https://www.opentable.com/restaurant/profile/253381","438","updated"
"Dallas","La Stella Italian Steakhouse and Music Lounge - Addison","3 Course Pronto Lunch","4.7","647","Mon, Tue, Wed, Thu, Fri 11:00–14:00 (local time)","2026-09-09","","2026-10-27","","https://www.opentable.com/restaurant/profile/1461349","https://www.opentable.com/restaurant/profile/1461349","https://www.opentable.com/restaurant/profile/1461349","804","created"
"Dallas","State & Allen Kitchen + Bar","Ultra Lunch Special","4.7","561","Mon, Tue, Wed, Thu, Fri 11:00–14:00 (local time)","2026-09-30","","","","https://www.opentable.com/restaurant/profile/150856","https://www.opentable.com/restaurant/profile/150856","https://www.opentable.com/restaurant/profile/150856","805","created"
"Dallas","Pie Tap Pizza + Rotisserie + Bar - Addison","Lunch Special","4.7","186","Mon, Tue, Wed, Thu, Fri 11:00–16:00 (local time)","","","","","https://www.opentable.com/restaurant/profile/1088224","https://www.opentable.com/restaurant/profile/1088224","https://www.opentable.com/restaurant/profile/1088224","445","updated"
"Dallas","Doughbird - Dallas","Lunch Specials","4.6","252","Mon, Tue, Wed, Thu, Fri 11:00–14:00 (local time)","","","","","https://www.opentable.com/restaurant/profile/1369051","https://www.opentable.com/restaurant/profile/1369051","https://www.opentable.com/restaurant/profile/1369051","806","created"
"Dallas","JW Steakhouse","Power Lunch (30 Under 30)","4.6","208","Mon, Tue, Wed, Thu, Fri 11:00–14:00 (local time)","2026-01-12","","2026-11-26","","https://www.opentable.com/restaurant/profile/1279918","https://www.opentable.com/restaurant/profile/1279918","https://www.opentable.com/restaurant/profile/1279918","807","created"
"Dallas","Eataly Dallas - Terra","Quick Italian Lunch","4.5","3685","Mon, Tue, Wed, Thu, Fri 11:30–16:00 (local time)","2026-08-03","","","","https://www.opentable.com/restaurant/profile/1101355","https://www.opentable.com/restaurant/profile/1101355","https://www.opentable.com/restaurant/profile/1101355","457","updated"
"Dallas","Pie Tap Pizza + Rotisserie + Bar - Henderson","Lunch Special","4.5","391","Mon, Tue, Wed, Thu, Fri 11:00–16:00 (local time)","","","","","https://www.opentable.com/restaurant/profile/334819","https://www.opentable.com/restaurant/profile/334819","https://www.opentable.com/restaurant/profile/334819","808","created"
"Dallas","P.F. Chang's - Northpark","Lunch Specials","4.5","158","Mon, Tue, Wed, Thu, Fri 11:00–15:00 (local time)","","","","Lunch prices and availability vary by location; rice/noodle upgrades may cost extra.","https://www.opentable.com/restaurant/profile/332197","https://www.opentable.com/restaurant/profile/332197","https://www.opentable.com/restaurant/profile/332197","809","created"
"Dallas","P.F. Chang's - Grandscape - 9928","Lunch Specials","4.5","128","Mon, Tue, Wed, Thu 11:00–15:00 (local time); Fri 11:00–15:00 (local time)","","","","Lunch prices and availability vary by location; rice/noodle upgrades may cost extra.","https://www.opentable.com/restaurant/profile/1086643","https://www.opentable.com/restaurant/profile/1086643","https://www.opentable.com/restaurant/profile/1086643","810","created"
"Houston","Mezzanotte Ristorante","Lunch Specials Menu","4.9","1880","Mon, Tue, Wed, Thu, Fri 11:00–14:00 (local time)","","","","","https://www.opentable.com/restaurant/profile/55192","https://www.opentable.com/restaurant/profile/55192","https://www.opentable.com/restaurant/profile/55192","811","created"
"Houston","Etoile Cuisine Et Bar","Business Lunch: Monday - Friday","4.8","4204","Mon, Tue, Wed, Thu 11:00–15:00 (local time)","2025-11-14","","","","https://www.opentable.com/restaurant/profile/97093","https://www.opentable.com/restaurant/profile/97093","https://www.opentable.com/restaurant/profile/97093","812","created"
"Houston","Cafe Rabelais","Two-Course Lunch Menu","4.8","1193","Tue, Wed, Thu, Fri 11:00–14:00 (local time)","","","","","https://www.opentable.com/restaurant/profile/251002","https://www.opentable.com/restaurant/profile/251002","https://www.opentable.com/restaurant/profile/251002","813","created"
"Houston","Coppa Osteria","Three-Course Lunch","4.8","1060","Mon, Tue, Wed, Thu, Fri 11:00–16:00 (local time)","2025-07-15","","","","https://www.opentable.com/restaurant/profile/1294192","https://www.opentable.com/restaurant/profile/1294192","https://www.opentable.com/restaurant/profile/1294192","814","created"
"Houston","Eunice","Make it a Power Lunch at Eunice!","4.7","2936","Mon, Tue, Wed, Thu, Fri 11:00–15:00 (local time)","2024-01-31","","2026-11-26; 2026-12-24","","https://www.opentable.com/restaurant/profile/990601","https://www.opentable.com/restaurant/profile/990601","https://www.opentable.com/restaurant/profile/990601","484","updated"
"Houston","Zanti Cucina Italiana - River Oaks","Zanti Power Lunch","4.7","1541","Wed, Thu, Fri 11:00–15:30 (local time)","2024-10-02","","","Service is extra.","https://www.opentable.com/restaurant/profile/1251091","https://www.opentable.com/restaurant/profile/1251091","https://www.opentable.com/restaurant/profile/1251091","815","created"
"Houston","Casa Do Brasil - Houston","Lunch Specials","4.7","959","Mon, Tue, Wed, Thu, Fri 11:00–15:00 (local time)","","","","","https://www.opentable.com/restaurant/profile/1083820","https://www.opentable.com/restaurant/profile/1083820","https://www.opentable.com/restaurant/profile/1083820","816","created"
"Houston","Haywire - Memorial City","Haywire's Daily Lunch Features","4.6","1282","Mon, Tue, Wed, Thu 11:00–16:00 (local time)","2025-06-12","","","","https://www.opentable.com/restaurant/profile/1360924","https://www.opentable.com/restaurant/profile/1360924","https://www.opentable.com/restaurant/profile/1360924","817","created"
"Houston","Cocody Restaurant & Bar - River Oaks","Executive Express Lunch | 3-Course French Lunch","4.6","889","Mon, Tue, Wed, Thu, Fri 11:00–14:00 (local time)","2026-05-12","","2026-12-24","","https://www.opentable.com/restaurant/profile/1214689","https://www.opentable.com/restaurant/profile/1214689","https://www.opentable.com/restaurant/profile/1214689","818","created"
"Houston","Birraporetti's - Theater District","Daily Lunch Special","4.5","3701","Mon, Tue, Wed, Thu, Fri 11:00–15:00 (local time)","","","","","https://www.opentable.com/restaurant/profile/13609","https://www.opentable.com/restaurant/profile/13609","https://www.opentable.com/restaurant/profile/13609","819","created"
"Houston","Daily Gather","2-course power lunch","4.5","941","Mon, Tue, Wed, Thu, Fri 11:00–16:00 (local time)","2025-11-13","","2026-09-07; 2026-12-24","","https://www.opentable.com/restaurant/profile/1208311","https://www.opentable.com/restaurant/profile/1208311","https://www.opentable.com/restaurant/profile/1208311","820","created"
"Chicago","Bistronomic","LUNCH SPECIALS","4.8","6624","Wed, Thu, Fri 11:00–14:00 (local time)","","","","","https://www.opentable.com/restaurant/profile/25162","https://www.opentable.com/restaurant/profile/25162","https://www.opentable.com/restaurant/profile/25162","821","created"
"Chicago","Cafe El Tapatio","$12 Lunch Special","4.8","411","Tue, Wed, Thu, Fri 11:00–15:00 (local time)","2026-02-07","","","","https://www.opentable.com/restaurant/profile/346963","https://www.opentable.com/restaurant/profile/346963","https://www.opentable.com/restaurant/profile/346963","522","updated"
"Chicago","RAMEN-SAN - Lincoln Park","Express Lunch","4.8","348","Sun, Mon, Tue, Wed, Thu 11:00–15:00 (local time); Fri, Sat 11:00–15:00 (local time)","","","","","https://www.opentable.com/restaurant/profile/1271785","https://www.opentable.com/restaurant/profile/1271785","https://www.opentable.com/restaurant/profile/1271785","524","updated"
"Chicago","Kindling | Downtown Cookout & Cocktails","Three-Course Business Lunch","4.7","1017","Mon, Tue, Wed, Thu, Fri 11:00–15:45 (local time)","2024-12-24","","","This experience is prepaid.","https://www.opentable.com/restaurant/profile/1273309","https://www.opentable.com/restaurant/profile/1273309","https://www.opentable.com/restaurant/profile/1273309","540","updated"
"Chicago","RAMEN-SAN - River North","Express Lunch","4.7","448","Sun, Mon, Tue, Wed 11:00–15:00 (local time); Thu 11:00–15:00 (local time); Fri, Sat 11:00–15:00 (local time)","","","","","https://www.opentable.com/restaurant/profile/1081303","https://www.opentable.com/restaurant/profile/1081303","https://www.opentable.com/restaurant/profile/1081303","548","updated"
"Chicago","Siena Tavern","2-Course Lunch Menu","4.6","6682","Mon, Tue, Wed, Thu, Fri 11:30–15:00 (local time)","2025-05-29","","2026-11-26","","https://www.opentable.com/restaurant/profile/101668","https://www.opentable.com/restaurant/profile/101668","https://www.opentable.com/restaurant/profile/101668","822","created"
"Chicago","Prime & Provisions Steakhouse","The Executive Lunch","4.6","6220","Mon, Tue, Wed, Thu, Fri 11:00–15:30 (local time)","2026-07-23","","2026-11-26; 2026-11-27","","https://www.opentable.com/restaurant/profile/160909","https://www.opentable.com/restaurant/profile/160909","https://www.opentable.com/restaurant/profile/160909","823","created"
"Chicago","Nonnina","$30 Prix Fixe Lunch Menu","4.6","3127","Mon, Tue, Wed, Thu, Fri 11:00–15:00 (local time)","2026-02-20","","","","https://www.opentable.com/restaurant/profile/87631","https://www.opentable.com/restaurant/profile/87631","https://www.opentable.com/restaurant/profile/87631","824","created"
"Chicago","Nobu Chicago","Lunch Prix Fixe Menu","4.6","2798","Mon, Tue, Wed, Thu, Fri 11:30–14:30 (local time)","2025-06-02","","","","https://www.opentable.com/restaurant/profile/1081033","https://www.opentable.com/restaurant/profile/1081033","https://www.opentable.com/restaurant/profile/1081033","825","created"
"Chicago","Kinzie Chophouse","Three-Course “Lunch Break” Special","4.6","2444","Mon, Tue, Wed, Thu, Fri 11:30–16:00 (local time)","2025-02-23","","","","https://www.opentable.com/restaurant/profile/266","https://www.opentable.com/restaurant/profile/266","https://www.opentable.com/restaurant/profile/266","826","created"
"Chicago","Emerald Loop Bar and Grill","Lunch Special","4.6","1052","Mon, Tue, Wed, Thu, Fri 11:00–15:00 (local time)","","","","","https://www.opentable.com/restaurant/profile/10147","https://www.opentable.com/restaurant/profile/10147","https://www.opentable.com/restaurant/profile/10147","827","created"
"Chicago","RAMEN-SAN Whisky Bar - Fulton Market","Express Lunch","4.6","846","Sun, Mon, Tue, Wed, Thu 11:00–15:00 (local time); Fri, Sat 11:00–15:00 (local time)","","","","","https://www.opentable.com/restaurant/profile/129670","https://www.opentable.com/restaurant/profile/129670","https://www.opentable.com/restaurant/profile/129670","828","created"
"Chicago","KAMA – Wicker Park","Lunch","4.6","326","Sun, Fri, Sat 12:00–14:30 (local time)","2026-03-11","","","","https://www.opentable.com/restaurant/profile/1320541","https://www.opentable.com/restaurant/profile/1320541","https://www.opentable.com/restaurant/profile/1320541","829","created"
"Chicago","Michael Jordan's Steakhouse","Power Lunch","4.5","5806","Mon, Tue, Wed, Thu, Fri 11:00–15:00 (local time)","2025-08-13","","","","https://www.opentable.com/restaurant/profile/67690","https://www.opentable.com/restaurant/profile/67690","https://www.opentable.com/restaurant/profile/67690","830","created"
"Chicago","Bar Siena - West Loop","2-Course Lunch Menu","4.5","3549","Mon, Tue, Wed, Thu, Fri 11:30–15:00 (local time); Sun, Sat 11:00–15:00 (local time)","2025-07-28","","2026-09-28","","https://www.opentable.com/restaurant/profile/160906","https://www.opentable.com/restaurant/profile/160906","https://www.opentable.com/restaurant/profile/160906","831","created"
"Chicago","RAMEN-SAN Deluxe - Streeterville","Express Lunch","4.5","369","Mon, Tue, Wed, Thu 11:00–15:00 (local time); Fri 11:00–15:00 (local time); Sat 12:00–15:00 (local time); Sun 12:00–15:00 (local time)","","","","","https://www.opentable.com/restaurant/profile/1057318","https://www.opentable.com/restaurant/profile/1057318","https://www.opentable.com/restaurant/profile/1057318","832","created"
"Chicago","Federales - Fulton Market","Friday Lunch Special At Federales Fulton","4.5","111","Fri 11:00–14:00 (local time)","2025-01-17","","","","https://www.opentable.com/restaurant/profile/347719","https://www.opentable.com/restaurant/profile/347719","https://www.opentable.com/restaurant/profile/347719","833","created"
"Columbus","The Alcove Restaurant & Lounge","Daily Lunch Specials","4.9","1450","Tue, Wed, Thu, Fri 11:00–17:00 (local time)","","","","","https://www.opentable.com/restaurant/profile/370951","https://www.opentable.com/restaurant/profile/370951","https://www.opentable.com/restaurant/profile/370951","834","created"
"Columbus","Cap City Fine Diner & Bar - Grandview","Lunch Combo Plates","4.7","7466","Mon, Tue, Wed, Thu, Fri 11:00–15:45 (local time)","","","","","https://www.opentable.com/restaurant/profile/13972","https://www.opentable.com/restaurant/profile/13972","https://www.opentable.com/restaurant/profile/13972","835","created"
"Columbus","Cap City Fine Diner & Bar - Gahanna","Lunch Combos","4.7","4700","Mon, Tue, Wed, Thu, Fri 11:00–16:00 (local time)","","","","","https://www.opentable.com/restaurant/profile/13975","https://www.opentable.com/restaurant/profile/13975","https://www.opentable.com/restaurant/profile/13975","836","created"
"Columbus","Marcella's Italian Kitchen - Polaris","Lunch Combos","4.6","4663","Mon, Tue, Wed, Thu, Fri 11:30–16:00 (local time); Sun, Sat 11:00–16:00 (local time)","","","","","https://www.opentable.com/restaurant/profile/13981","https://www.opentable.com/restaurant/profile/13981","https://www.opentable.com/restaurant/profile/13981","837","created"
"Columbus","P.F. Chang's - Columbus","Lunch Specials","4.5","290","Mon, Tue, Wed, Thu 11:00–15:00 (local time); Fri 11:00–15:00 (local time)","","","","Lunch prices and availability vary by location; rice/noodle upgrades may cost extra.","https://www.opentable.com/restaurant/profile/332221","https://www.opentable.com/restaurant/profile/332221","https://www.opentable.com/restaurant/profile/332221","597","updated"
"Jacksonville","La Cocina at the Cellar Upstairs","Lunch Specials 11:00-3:00 pm","4.8","2034","Sun, Wed, Thu, Fri, Sat 11:00–15:00 (local time)","","","","","https://www.opentable.com/restaurant/profile/92593","https://www.opentable.com/restaurant/profile/92593","https://www.opentable.com/restaurant/profile/92593","838","created"
"Jacksonville","Blue Orchid Thai Cuisine - Atlantic Blvd","Lunch Specials","4.7","666","Mon, Tue, Wed, Thu, Fri 11:30–15:00 (local time)","","","","","https://www.opentable.com/restaurant/profile/1031197","https://www.opentable.com/restaurant/profile/1031197","https://www.opentable.com/restaurant/profile/1031197","839","created"
"Jacksonville","Kazu Japanese Restaurant","Lunch Special","4.6","225","Mon, Tue, Wed, Thu, Fri, Sat 11:30–15:00 (local time); Sun 12:00–15:00 (local time)","","","","","https://www.opentable.com/restaurant/profile/140998","https://www.opentable.com/restaurant/profile/140998","https://www.opentable.com/restaurant/profile/140998","840","created"
"Jacksonville","P.F. Chang's - Jacksonville","Lunch Specials","4.5","418","Mon, Tue, Wed, Thu, Fri 11:00–15:00 (local time)","","","","Lunch prices and availability vary by location; rice/noodle upgrades may cost extra.","https://www.opentable.com/restaurant/profile/275092","https://www.opentable.com/restaurant/profile/275092","https://www.opentable.com/restaurant/profile/275092","613","updated"
"Charlotte","The Blue Taj","The Blue Taj Lunch Specials","4.8","832","Mon, Tue, Wed, Thu, Fri 11:30–14:30 (local time)","","","","","https://www.opentable.com/restaurant/profile/39073","https://www.opentable.com/restaurant/profile/39073","https://www.opentable.com/restaurant/profile/39073","841","created"
"Charlotte","Ruth's Chris Steak House - Charlotte Uptown","Lunch Prix Fixe","4.7","4188","Fri 11:00–16:00 (local time)","","","","","https://www.opentable.com/restaurant/profile/10612","https://www.opentable.com/restaurant/profile/10612","https://www.opentable.com/restaurant/profile/10612","842","created"
"Charlotte","Fleming's Steakhouse - Charlotte","Lunch prix fixe","4.7","2282","Mon, Tue, Wed, Thu, Fri 11:00–15:00 (local time)","","","","","https://www.flemingssteakhouse.com/locations/nc/charlotte","https://www.flemingssteakhouse.com/menus/lunch","https://www.opentable.com/restaurant/profile/39907","843","created"
"Miami","Bocas House Doral","Lunch Special","5","223","Mon, Tue, Wed, Thu, Fri 11:30–16:00 (local time)","","","","","https://www.opentable.com/restaurant/profile/1024297","https://www.opentable.com/restaurant/profile/1024297","https://www.opentable.com/restaurant/profile/1024297","626","updated"
"Miami","Palace","Lunch special","4.9","5001","Tue, Wed, Thu 13:00–16:00 (local time)","","","","Tax and a 20% service charge are added.","https://www.opentable.com/restaurant/profile/162667","https://www.opentable.com/restaurant/profile/162667","https://www.opentable.com/restaurant/profile/162667","844","created"
"Miami","Edge Miami","Miami Spice Lunch","4.9","1274","Mon, Tue, Wed, Thu, Fri 12:00–14:45 (local time)","2026-10-01","2026-10-31","","","https://www.opentable.com/restaurant/profile/76087","https://www.opentable.com/restaurant/profile/76087","https://www.opentable.com/restaurant/profile/76087","845","created"
"Miami","Bulla Gastrobar - Coral Gables","LUNCH WITH US","4.8","3426","Mon, Tue, Wed, Thu, Fri 11:30–16:00 (local time)","2024-04-24","","2025-08-21; 2025-08-22; 2025-08-23; 2025-08-24; 2025-08-25; 2025-08-26; 2025-08-27; 2025-08-28; 2025-08-29; 2025-08-30; 2025-08-31; 2025-09-01; 2025-09-02; 2025-09-03; 2025-09-04; 2025-09-05; 2025-09-06; 2025-09-07; 2025-09-08; 2025-09-09; 2025-09-10; 2025-09-11; 2025-09-12; 2025-09-13; 2025-09-14; 2025-09-15; 2025-09-16; 2025-09-17; 2025-09-18; 2025-09-19; 2025-09-20; 2025-09-21; 2025-09-22; 2025-09-23; 2025-09-24; 2025-09-25; 2025-09-26; 2025-09-27; 2025-09-28; 2025-09-29; 2025-09-30","","https://www.opentable.com/restaurant/profile/15706","https://www.opentable.com/restaurant/profile/15706","https://www.opentable.com/restaurant/profile/15706","639","updated"
"Miami","Nusr-Et Steakhouse Miami","Miami Spice Lunch","4.8","3388","Sun, Mon, Tue, Wed, Thu, Fri, Sat 12:00–15:00 (local time)","2026-10-01","2026-10-31","","","https://www.opentable.com/restaurant/profile/988882","https://www.opentable.com/restaurant/profile/988882","https://www.opentable.com/restaurant/profile/988882","846","created"
"Miami","Il Mulino New York - Sunny Isles Beach","Experience Miami Spice Lunch","4.8","1558","Sun, Mon, Tue, Wed, Thu, Fri, Sat 11:30–15:30 (local time)","2026-08-01","2026-10-31","","Tax and gratuity are extra.; Tax is extra. A 20% automatic gratuity and a 3% administrative charge are added.","https://www.opentable.com/restaurant/profile/6044","https://www.opentable.com/restaurant/profile/6044","https://www.opentable.com/restaurant/profile/6044","847","created"
"Miami","Anthony's Clam House","Lunch Specials","4.8","1548","Sun, Mon, Tue, Wed, Thu, Fri, Sat 11:00–15:00 (local time)","","","","Substitutions are not available.","https://www.opentable.com/restaurant/profile/1124029","https://www.opentable.com/restaurant/profile/1124029","https://www.opentable.com/restaurant/profile/1124029","848","created"
"Miami","Fleming's Steakhouse - Brickell","Lunch prix fixe","4.8","1058","Mon, Tue, Wed, Thu, Fri 11:00–15:00 (local time)","","","","","https://www.flemingssteakhouse.com/locations/fl/brickell","https://www.flemingssteakhouse.com/menus/lunch","https://www.opentable.com/restaurant/profile/333199","849","created"
"Miami","Sea Grill - Coral Gables","Three Course Lunch Special $39.00 (Dine in Only)","4.8","940","Mon, Tue, Wed, Thu, Fri 11:30–15:00 (local time)","2023-07-17","","","Tax and service charge are extra.","https://www.opentable.com/restaurant/profile/1036351","https://www.opentable.com/restaurant/profile/1036351","https://www.opentable.com/restaurant/profile/1036351","642","updated"
"Miami","Truluck's - Ocean's Finest Seafood & Crab - Miami","Miami Spice lunch","4.7","5334","Mon, Tue, Wed, Thu, Fri 11:30–16:00 (local time)","2026-08-01","2026-10-31","","","https://www.opentable.com/restaurant/profile/49996","https://www.opentable.com/restaurant/profile/49996","https://www.opentable.com/restaurant/profile/49996","850","created"
"Miami","Ocean Grill at The Setai","Miami Spice: Lunch","4.7","3065","Sun, Mon, Tue, Wed, Thu, Fri, Sat 11:00–17:00 (local time)","2026-08-01","2026-10-31","","Tax and service charge are extra.","https://www.opentable.com/restaurant/profile/731881","https://www.opentable.com/restaurant/profile/731881","https://www.opentable.com/restaurant/profile/731881","851","created"
"Miami","Fleming's Steakhouse - Coral Gables","Lunch prix fixe","4.7","2612","Sun, Mon, Tue, Wed, Thu, Fri, Sat 11:00–15:00 (local time)","","","","","https://www.flemingssteakhouse.com/locations/fl/coral-gables","https://www.flemingssteakhouse.com/menus/lunch","https://www.opentable.com/restaurant/profile/39913","852","created"
"Miami","Zuma Japanese Restaurant - Miami","miami spice lunch","4.7","2579","Mon, Tue, Wed, Thu, Fri 12:00–15:00 (local time)","2026-08-01","2026-10-31","","Tax and service charge are extra.","https://www.opentable.com/restaurant/profile/45190","https://www.opentable.com/restaurant/profile/45190","https://www.opentable.com/restaurant/profile/45190","853","created"
"Miami","Morton's The Steakhouse - Coral Gables","Miami Spice $40 Lunch","4.7","2353","Mon, Tue, Wed, Thu, Fri 12:00–14:45 (local time)","2026-09-01","2026-10-31","2026-10-02; 2026-10-03; 2026-10-04; 2026-10-09; 2026-10-10; 2026-10-11; 2026-10-16; 2026-10-17; 2026-10-18; 2026-10-21; 2026-10-23; 2026-10-24; 2026-10-25; 2026-10-30; 2026-10-31","","https://www.opentable.com/restaurant/profile/18847","https://www.opentable.com/restaurant/profile/18847","https://www.opentable.com/restaurant/profile/18847","854","created"
"Miami","Bulla Gastrobar - Doral","LUNCH WITH US","4.7","2026","Mon, Tue, Wed, Thu, Fri 11:30–16:00 (local time)","2022-08-18","","2025-08-21; 2025-08-22; 2025-08-23; 2025-08-24; 2025-08-25; 2025-08-26; 2025-08-27; 2025-08-28; 2025-08-29; 2025-08-30; 2025-08-31; 2025-09-01; 2025-09-02; 2025-09-03; 2025-09-04; 2025-09-05; 2025-09-06; 2025-09-07; 2025-09-08; 2025-09-09; 2025-09-10; 2025-09-11; 2025-09-12; 2025-09-13; 2025-09-14; 2025-09-15; 2025-09-16; 2025-09-17; 2025-09-18; 2025-09-19; 2025-09-20; 2025-09-21; 2025-09-22; 2025-09-23; 2025-09-24; 2025-09-25; 2025-09-26; 2025-09-27; 2025-09-28; 2025-09-29; 2025-09-30","","https://www.opentable.com/restaurant/profile/214756","https://www.opentable.com/restaurant/profile/214756","https://www.opentable.com/restaurant/profile/214756","664","updated"
"Miami","Novikov Miami","Novikov Business Lunch","4.7","1870","Mon, Tue, Wed, Thu, Fri 12:00–15:00 (local time)","2026-03-13","","","","https://www.opentable.com/restaurant/profile/298267","https://www.opentable.com/restaurant/profile/298267","https://www.opentable.com/restaurant/profile/298267","855","created"
"Miami","Amal Miami","Lunch Break at Amal ✨","4.7","1855","Mon, Tue, Wed, Thu, Fri 11:30–15:45 (local time)","2025-12-03","","","Tax and gratuity are extra.","https://www.opentable.com/restaurant/profile/1214047","https://www.opentable.com/restaurant/profile/1214047","https://www.opentable.com/restaurant/profile/1214047","666","updated"
"Miami","Havana 1957 Ocean Drive","Miami Spice lunch","4.7","1764","Sun, Mon, Tue, Wed, Thu, Fri, Sat 12:00–16:00 (local time)","2026-08-14","2026-10-31","","","https://www.opentable.com/restaurant/profile/264100","https://www.opentable.com/restaurant/profile/264100","https://www.opentable.com/restaurant/profile/264100","856","created"
"Miami","Pisco y Nazca Ceviche Gastrobar - Kendall","PISCO PICK 2 LUNCH","4.7","1394","Mon, Tue, Wed, Thu, Fri 11:30–16:00 (local time)","2026-01-08","","","","https://www.opentable.com/restaurant/profile/189604","https://www.opentable.com/restaurant/profile/189604","https://www.opentable.com/restaurant/profile/189604","670","updated"
"Miami","North Italia – Miami (Mary Brickell)","Miami Spice | 3-Course Lunch $40","4.7","1327","Mon, Tue, Wed, Thu, Fri 11:30–16:00 (local time)","2026-09-16","2026-10-31","","","https://www.opentable.com/restaurant/profile/1010716","https://www.opentable.com/restaurant/profile/1010716","https://www.opentable.com/restaurant/profile/1010716","671","updated"
"Miami","Paperfish Sushi Brickell","Miami Spice lunch","4.7","1226","Mon, Tue, Wed, Thu, Fri 12:00–16:00 (local time)","2026-08-01","2026-10-31","","","https://www.opentable.com/restaurant/profile/1155055","https://www.opentable.com/restaurant/profile/1155055","https://www.opentable.com/restaurant/profile/1155055","857","created"
"Miami","Sofia - Design District","Sofia's Miami Spice Lunch","4.7","683","Mon, Tue, Wed, Thu, Fri 11:30–18:00 (local time)","2026-10-01","2026-10-31","","","https://www.opentable.com/restaurant/profile/1251610","https://www.opentable.com/restaurant/profile/1251610","https://www.opentable.com/restaurant/profile/1251610","858","created"
"Miami","Fleming's Steakhouse - Fort Lauderdale","Lunch prix fixe","4.7","644","Mon, Tue, Wed, Thu, Fri 11:00–15:00 (local time)","","","","","https://www.flemingssteakhouse.com/locations/fl/fort-lauderdale","https://www.flemingssteakhouse.com/menus/lunch","https://www.opentable.com/restaurant/profile/1311868","859","created"
"Miami","Reunion Ktchn Bar","Miami Spice lunch","4.7","480","Sun, Sat 11:00–16:00 (local time); Mon, Tue, Wed, Thu, Fri 12:00–17:00 (local time)","2026-08-01","2026-10-31","","","https://www.opentable.com/restaurant/profile/1241539","https://www.opentable.com/restaurant/profile/1241539","https://www.opentable.com/restaurant/profile/1241539","860","created"
"Miami","Sumak","MIAMI SPICE LUNCH - $40","4.7","237","Sun, Mon, Tue, Wed, Thu, Fri, Sat 12:30–17:00 (local time)","2026-07-31","","","","https://www.opentable.com/restaurant/profile/1343077","https://www.opentable.com/restaurant/profile/1343077","https://www.opentable.com/restaurant/profile/1343077","861","created"
"Miami","Bocas House Weston","Lunch Special","4.7","235","Mon, Tue, Wed, Thu, Fri 11:30–16:00 (local time)","","","","","https://www.opentable.com/restaurant/profile/1017580","https://www.opentable.com/restaurant/profile/1017580","https://www.opentable.com/restaurant/profile/1017580","862","created"
"Miami","CHIMBA","Lunch Special: Main Course $19 & 2 Courses $22","4.7","233","Mon, Tue, Wed, Thu, Fri 12:00–16:00 (local time)","2025-02-04","","2025-02-08; 2025-02-09; 2025-02-15; 2025-02-16; 2025-02-22; 2025-02-23; 2025-03-01; 2025-03-02; 2025-03-08; 2025-03-09; 2025-03-15; 2025-03-16; 2025-03-22; 2025-03-23; 2025-03-29; 2025-03-30; 2025-04-05; 2025-04-06; 2025-04-12; 2025-04-13; 2025-04-19; 2025-04-20; 2025-04-26; 2025-04-27; 2025-05-03; 2025-05-04; 2025-05-10; 2025-05-11; 2025-05-17; 2025-05-18; 2025-05-24; 2025-05-25; 2025-05-31; 2025-06-01; 2025-06-07; 2025-06-08; 2025-06-14; 2025-06-15; 2025-06-21; 2025-06-22; 2025-06-28; 2025-06-29; 2025-07-05; 2025-07-06; 2025-07-12; 2025-07-13; 2025-07-19; 2025-07-20; 2025-07-26; 2025-07-27; 2025-08-02; 2025-08-03; 2025-08-09; 2025-08-10; 2025-08-16; 2025-08-17; 2025-08-23; 2025-08-24; 2025-08-30; 2025-08-31; 2025-09-06; 2025-09-07; 2025-09-13; 2025-09-14; 2025-09-20; 2025-09-21; 2025-09-27; 2025-09-28; 2025-10-04; 2025-10-05; 2025-10-11; 2025-10-12; 2025-10-18; 2025-10-19; 2025-10-25; 2025-10-26; 2025-11-01; 2025-11-02; 2025-11-08; 2025-11-09; 2025-11-15; 2025-11-16; 2025-11-22; 2025-11-23; 2025-11-29; 2025-11-30; 2025-12-06; 2025-12-07; 2025-12-13; 2025-12-14; 2025-12-20; 2025-12-21; 2025-12-27; 2025-12-28; 2026-01-03; 2026-01-04; 2026-01-10; 2026-01-11; 2026-01-17; 2026-01-18; 2026-01-24; 2026-01-25; 2026-01-31","","https://www.opentable.com/restaurant/profile/1282831","https://www.opentable.com/restaurant/profile/1282831","https://www.opentable.com/restaurant/profile/1282831","863","created"
"Miami","Francesco","Executive Lunch","4.7","175","Mon, Tue, Wed, Thu, Fri 12:00–15:00 (local time)","","","","","https://www.opentable.com/restaurant/profile/1369042","https://www.opentable.com/restaurant/profile/1369042","https://www.opentable.com/restaurant/profile/1369042","864","created"
"Miami","Bulla Gastrobar - Aventura","LUNCH WITH US","4.7","173","Mon, Tue, Wed, Thu, Fri 11:30–16:00 (local time)","2026-01-08","","","","https://www.opentable.com/restaurant/profile/1465429","https://www.opentable.com/restaurant/profile/1465429","https://www.opentable.com/restaurant/profile/1465429","865","created"
"Miami","Funky Buddha Brewery","Free Draft with Lunch Order","4.7","145","Mon, Tue, Wed, Thu 11:30–15:00 (local time)","2026-04-07","","","","https://www.opentable.com/restaurant/profile/1074655","https://www.opentable.com/restaurant/profile/1074655","https://www.opentable.com/restaurant/profile/1074655","866","created"
"Miami","Jaya at The Setai","Miami Spice: Lunch","4.6","6992","Mon, Tue, Wed, Thu, Fri 12:00–15:00 (local time)","2026-08-01","2026-10-31","","Tax and service charge are extra.","https://www.opentable.com/restaurant/profile/4499","https://www.opentable.com/restaurant/profile/4499","https://www.opentable.com/restaurant/profile/4499","867","created"
"Miami","Fontana at the Biltmore Hotel","Miami Spice Lunch at Fontana - Biltmore Hotel","4.6","2000","Mon, Tue, Wed, Thu, Fri, Sat 11:30–15:00 (local time)","2026-08-04","2026-10-31","","Tax and gratuity are extra.","https://www.opentable.com/restaurant/profile/5132","https://www.opentable.com/restaurant/profile/5132","https://www.opentable.com/restaurant/profile/5132","868","created"
"Miami","Havana 1957 - Espanola Way","Miami Spice lunch","4.6","1624","Mon, Tue, Wed, Thu 11:00–16:45 (local time); Sun, Fri, Sat 11:00–16:00 (local time)","2026-08-14","2026-10-31","","","https://www.opentable.com/restaurant/profile/113308","https://www.opentable.com/restaurant/profile/113308","https://www.opentable.com/restaurant/profile/113308","869","created"
"Miami","Pisco y Nazca Ceviche Gastrobar - Doral","PISCO PRIX-FIXE LUNCH","4.6","1602","Mon, Tue, Wed, Thu, Fri 11:30–16:00 (local time)","2026-01-08","","","","https://www.opentable.com/restaurant/profile/214753","https://www.opentable.com/restaurant/profile/214753","https://www.opentable.com/restaurant/profile/214753","870","created"
"Miami","A Love Story Winery & Bistro","Lunch Specials","4.6","1435","Mon, Tue, Wed, Thu, Fri 12:00–16:00 (local time)","2024-09-24","","","","https://www.opentable.com/restaurant/profile/1253251","https://www.opentable.com/restaurant/profile/1253251","https://www.opentable.com/restaurant/profile/1253251","871","created"
"Miami","CLAUDIE","Miami Spice  Lunch","4.6","1005","Mon, Tue, Wed, Thu, Fri 12:00–15:00 (local time)","2026-10-01","2026-10-31","","","https://www.opentable.com/restaurant/profile/1384252","https://www.opentable.com/restaurant/profile/1384252","https://www.opentable.com/restaurant/profile/1384252","872","created"
"Miami","L’Atelier de Joël Robuchon - Miami","Miami Spice Reserve lunch","4.6","864","Fri, Sat 12:00–14:30 (local time)","2026-09-16","2026-10-31","","","https://www.opentable.com/restaurant/profile/1048960","https://www.opentable.com/restaurant/profile/1048960","https://www.opentable.com/restaurant/profile/1048960","873","created"
"Miami","Novecento - Brickell","MEDIO TIEMPO LUNCH SPECIAL | $27 Three-Course Menu","4.6","864","Mon, Tue, Wed, Thu, Fri 11:00–15:00 (local time)","2026-03-27","","","","https://www.opentable.com/restaurant/profile/4694","https://www.opentable.com/restaurant/profile/4694","https://www.opentable.com/restaurant/profile/4694","874","created"
"Miami","Elia on the River","Riverside lunch | $25, 3-course menu","4.6","769","Mon, Tue, Wed, Thu, Fri 11:30–15:00 (local time)","2026-02-17","","2027-01-01","Sharing is not permitted.; For parties of six or fewer.; The set lunch is per person and cannot be shared.; A 20% service charge applies.; Lunch may be unavailable on select holidays and special occasions; confirm with the restaurant.","https://www.opentable.com/restaurant/profile/1356508","https://www.opentable.com/restaurant/profile/1356508","https://www.opentable.com/restaurant/profile/1356508","875","created"
"Miami","Amalia","Miami Spice Lunch Menu $40 Per Person","4.6","195","Sun, Mon 12:30–15:30 (local time); Tue, Wed, Thu, Fri, Sat 12:30–17:00 (local time)","","","","","https://www.opentable.com/restaurant/profile/1212817","https://www.opentable.com/restaurant/profile/1212817","https://www.opentable.com/restaurant/profile/1212817","876","created"
"Miami","E41 Las Olas / Embarcadero 41","Lunch Special : Don't miss it - Monday to Friday !","4.6","113","Mon, Tue, Wed, Thu, Fri 11:30–16:00 (local time)","2025-12-01","","","For dine-in guests only.","https://www.opentable.com/restaurant/profile/1402690","https://www.opentable.com/restaurant/profile/1402690","https://www.opentable.com/restaurant/profile/1402690","877","created"
"Miami","Gianni's at the Former Versace Mansion","$39.50 Lunch Pre-Fixe Menu at Gianni's","4.5","20030","Mon, Tue, Wed, Thu, Fri, Sat 11:00–15:30 (local time)","2026-06-15","","2026-12-09","","https://www.opentable.com/restaurant/profile/42037","https://www.opentable.com/restaurant/profile/42037","https://www.opentable.com/restaurant/profile/42037","878","created"
"Miami","Lido Bayside Grill at The Standard Spa, Miami Beach","Miami Spice Lunch Menu","4.5","1853","Mon, Tue, Wed, Thu, Fri 12:00–16:00 (local time)","","","","","https://www.opentable.com/restaurant/profile/54238","https://www.opentable.com/restaurant/profile/54238","https://www.opentable.com/restaurant/profile/54238","879","created"
"Miami","GORDON RAMSAY HELL'S KITCHEN","Express Lunch Menu","4.5","1745","Mon, Tue, Wed, Thu, Fri 11:45–14:45 (local time)","2025-07-11","2027-06-30","2025-07-12; 2025-07-13; 2025-07-19; 2025-07-20; 2025-07-26; 2025-07-27; 2025-08-02; 2025-08-03; 2025-08-09; 2025-08-10; 2025-08-16; 2025-08-17; 2025-08-23; 2025-08-24; 2025-08-30; 2025-08-31; 2025-09-06; 2025-09-07; 2025-09-13; 2025-09-14; 2025-09-20; 2025-09-21; 2025-09-27; 2025-09-28; 2025-10-04; 2025-10-05; 2025-10-11; 2025-10-12; 2025-10-18; 2025-10-19; 2025-10-25; 2025-10-26; 2025-11-01; 2025-11-02; 2025-11-08; 2025-11-09; 2025-11-15; 2025-11-16; 2025-11-22; 2025-11-23; 2025-11-29; 2025-11-30; 2025-12-06; 2025-12-07; 2025-12-13; 2025-12-14; 2025-12-20; 2025-12-21; 2025-12-27; 2025-12-28; 2026-01-03; 2026-01-04; 2026-01-10; 2026-01-11; 2026-01-17; 2026-01-18; 2026-01-24; 2026-01-25; 2026-01-31; 2026-02-01; 2026-02-07; 2026-02-08; 2026-02-14; 2026-02-15; 2026-02-21; 2026-02-22; 2026-02-28; 2026-03-01; 2026-03-07; 2026-03-08; 2026-03-14; 2026-03-15; 2026-03-21; 2026-03-22; 2026-03-28; 2026-03-29; 2026-11-26; 2026-12-24; 2026-12-25; 2026-12-31; 2027-02-14; 2027-05-09","","https://www.opentable.com/restaurant/profile/1329661","https://www.opentable.com/restaurant/profile/1329661","https://www.opentable.com/restaurant/profile/1329661","880","created"
"Miami","Casablanca Seafood Bar & Grill","Miami Spice Lunch","4.5","1303","Mon, Tue, Wed, Thu, Fri 12:00–17:00 (local time)","2026-08-11","2026-10-31","","","https://www.opentable.com/restaurant/profile/79381","https://www.opentable.com/restaurant/profile/79381","https://www.opentable.com/restaurant/profile/79381","881","created"
"Miami","North Italia - Dadeland","Miami Spice | 3-Course Lunch $40","4.5","935","Mon, Tue, Wed, Thu, Fri 11:00–16:00 (local time)","2026-09-16","2026-10-31","","","https://www.opentable.com/restaurant/profile/1173883","https://www.opentable.com/restaurant/profile/1173883","https://www.opentable.com/restaurant/profile/1173883","882","created"
"Miami","Mango's Tropical Cafe South Beach","Miami Spice Lunch","4.5","289","Sun, Mon, Tue, Wed, Thu, Fri, Sat 12:00–18:00 (local time)","2026-08-01","2026-10-31","2026-08-01; 2026-08-08; 2026-08-15; 2026-08-22; 2026-08-29; 2026-09-05; 2026-09-12; 2026-09-19; 2026-09-26","A card is required to secure the reservation; no deposit is required.; A $25 per-person no-show charge applies.","https://www.opentable.com/restaurant/profile/1411066","https://www.opentable.com/restaurant/profile/1411066","https://www.opentable.com/restaurant/profile/1411066","883","created"
"Miami","Hosteria Romana","Lunch Special","4.5","241","Sun, Mon, Tue, Wed, Thu, Fri, Sat 12:00–18:00 (local time)","2025-12-04","","","","https://www.opentable.com/restaurant/profile/463459","https://www.opentable.com/restaurant/profile/463459","https://www.opentable.com/restaurant/profile/463459","884","created"
"Miami","The Restaurant at the goodtime hotel","Miami Spice: Lunch Experience","4.5","209","Mon, Tue, Wed, Thu, Fri 11:00–17:00 (local time)","2026-10-01","2026-10-31","","","https://www.opentable.com/restaurant/profile/1153540","https://www.opentable.com/restaurant/profile/1153540","https://www.opentable.com/restaurant/profile/1153540","885","created"
"Miami","La Rosa Restaurant","Lunch Special","4.5","196","Mon, Tue, Wed, Thu, Fri 11:00–16:00 (local time)","2025-07-26","","","","https://www.opentable.com/restaurant/profile/236167","https://www.opentable.com/restaurant/profile/236167","https://www.opentable.com/restaurant/profile/236167","886","created"
"Philadelphia","Fleming's Steakhouse - Radnor","Lunch prix fixe","4.8","2845","Tue, Wed, Thu, Fri, Sat 11:00–15:00 (local time)","","","","","https://www.flemingssteakhouse.com/locations/pa/radnor","https://www.flemingssteakhouse.com/menus/lunch","https://www.opentable.com/restaurant/profile/40006","887","created"
"Philadelphia","JB Dawson's Restaurant & Bar - Langhorne","Lunch Features","4.8","2149","Mon, Tue, Wed, Thu, Fri 11:30–16:00 (local time); Sun, Sat 11:00–16:00 (local time)","","","","","https://www.opentable.com/restaurant/profile/161293","https://www.opentable.com/restaurant/profile/161293","https://www.opentable.com/restaurant/profile/161293","888","created"
"Philadelphia","Uno Pizzeria & Grill - Newtown Square","Lunch Specials","4.8","143","Mon, Tue, Wed, Thu 11:00–15:00 (local time); Fri 11:00–15:00 (local time)","","","","","https://www.opentable.com/restaurant/profile/318064","https://www.opentable.com/restaurant/profile/318064","https://www.opentable.com/restaurant/profile/318064","889","created"
"Philadelphia","Ooka Japanese Sushi & Hibachi Steakhouse","Hibachi Lunch Features","4.7","1078","Mon, Tue, Wed, Thu, Fri 11:30–15:00 (local time); Sun, Sat 12:00–15:30 (local time)","","","","","https://www.opentable.com/restaurant/profile/33280","https://www.opentable.com/restaurant/profile/33280","https://www.opentable.com/restaurant/profile/33280","890","created"
"Philadelphia","Osushi Japanese Restaurant","Sushi Bar - Lunch Set","4.7","234","Mon, Tue, Wed, Thu, Fri 11:00–14:30 (local time)","","","","","https://www.opentable.com/restaurant/profile/1236106","https://www.opentable.com/restaurant/profile/1236106","https://www.opentable.com/restaurant/profile/1236106","891","created"
"Philadelphia","Kinme","Lunch Special Rolls","4.7","153","Mon, Tue, Wed, Thu, Fri 12:00–15:00 (local time)","","","","","https://www.opentable.com/restaurant/profile/1014091","https://www.opentable.com/restaurant/profile/1014091","https://www.opentable.com/restaurant/profile/1014091","892","created"
"Philadelphia","The Butcher Bar","LUNCH 2 for Course $20","4.6","1703","Wed, Thu, Fri 11:30–15:00 (local time)","2026-03-26","","","","https://www.opentable.com/restaurant/profile/269854","https://www.opentable.com/restaurant/profile/269854","https://www.opentable.com/restaurant/profile/269854","893","created"
"Philadelphia","Jasmine rice","Weekend 2 course lunches starting at $12","4.6","200","Sun, Sat 12:00–15:00 (local time)","2024-10-30","","","","https://www.opentable.com/restaurant/profile/1158349","https://www.opentable.com/restaurant/profile/1158349","https://www.opentable.com/restaurant/profile/1158349","894","created"
"Philadelphia","Umami Steak and Sushi Bar","Lunch Special","4.6","183","Mon, Tue, Wed, Thu, Fri 12:00–15:00 (local time)","","","","","https://www.opentable.com/restaurant/profile/1270519","https://www.opentable.com/restaurant/profile/1270519","https://www.opentable.com/restaurant/profile/1270519","895","created"
"Philadelphia","Kotosushi","Lunch Special Roll","4.6","127","Mon, Tue, Wed, Thu, Fri, Sat 11:00–15:00 (local time)","","","","","https://www.opentable.com/restaurant/profile/995407","https://www.opentable.com/restaurant/profile/995407","https://www.opentable.com/restaurant/profile/995407","896","created"
"New York","The Clam","Lunch Specials","4.8","1410","Tue, Wed, Thu, Fri, Sat 12:00–15:30 (local time)","","","","","https://www.opentable.com/restaurant/profile/109822","https://www.opentable.com/restaurant/profile/109822","https://www.opentable.com/restaurant/profile/109822","897","created"
"New York","Il Mulino Prime - SoHo","Lunch Prix Fixe Menu","4.8","801","Sun, Mon, Tue, Wed, Thu, Fri 12:00–16:00 (local time)","2026-03-18","","","Tax and gratuity are extra.","https://www.opentable.com/restaurant/profile/147904","https://www.opentable.com/restaurant/profile/147904","https://www.opentable.com/restaurant/profile/147904","73","updated"
"New York","Asuka Sushi","Lunch Special","4.8","799","Sun, Mon, Tue, Wed, Thu, Fri, Sat 11:00–16:00 (local time)","","","","","https://www.opentable.com/restaurant/profile/78148","https://www.opentable.com/restaurant/profile/78148","https://www.opentable.com/restaurant/profile/78148","898","created"
"New York","Nobu Downtown ","Lunch Prix Fixe","4.7","5468","Mon, Tue, Wed, Thu, Fri 11:45–14:15 (local time)","2025-08-20","","","","https://www.opentable.com/restaurant/profile/4528","https://www.opentable.com/restaurant/profile/4528","https://www.opentable.com/restaurant/profile/4528","899","created"
"New York","Market Table","Lunch Specials","4.7","2136","Tue, Wed, Thu, Fri 12:00–15:45 (local time)","","","","","https://www.opentable.com/restaurant/profile/15751","https://www.opentable.com/restaurant/profile/15751","https://www.opentable.com/restaurant/profile/15751","900","created"
"New York","Hey Yuet","Lunch Special","4.7","262","Mon, Tue, Wed, Thu, Fri 11:00–15:00 (local time)","2023-03-13","","","","https://www.opentable.com/restaurant/profile/1244986","https://www.opentable.com/restaurant/profile/1244986","https://www.opentable.com/restaurant/profile/1244986","901","created"
"New York","Isabelle’s Osteria","Executive Lunch Special","4.6","963","Mon, Tue, Wed, Thu 11:30–15:45 (local time)","2023-10-02","","2023-11-23","","https://www.opentable.com/restaurant/profile/335782","https://www.opentable.com/restaurant/profile/335782","https://www.opentable.com/restaurant/profile/335782","902","created"
"New York","Lindens","Harvest Lunch Special!","4.6","526","Sun, Mon, Tue, Wed, Thu, Fri, Sat 11:00–15:45 (local time)","2024-03-12","","2026-11-26","","https://www.opentable.com/restaurant/profile/1213444","https://www.opentable.com/restaurant/profile/1213444","https://www.opentable.com/restaurant/profile/1213444","903","created"
"New York","Eataly NYC Flatiron - Bar Milano","Quick Italian Lunch","4.6","325","Mon, Tue, Wed, Thu, Fri 12:00–17:00 (local time)","2026-08-03","","","","https://www.opentable.com/restaurant/profile/1108453","https://www.opentable.com/restaurant/profile/1108453","https://www.opentable.com/restaurant/profile/1108453","904","created"
"New York","Zutto Tribeca","Lunch Special","4.6","264","Sun, Mon, Tue, Wed, Thu, Fri, Sat 12:00–16:00 (local time)","","","","","https://www.opentable.com/restaurant/profile/1026358","https://www.opentable.com/restaurant/profile/1026358","https://www.opentable.com/restaurant/profile/1026358","905","created"
"New York","Warren Street Bar and Restaurant","Warren Lunch Pre-fix","4.6","232","Mon, Tue, Wed, Thu, Fri 11:00–17:00 (local time)","2025-05-20","","","","https://www.opentable.com/restaurant/profile/1235140","https://www.opentable.com/restaurant/profile/1235140","https://www.opentable.com/restaurant/profile/1235140","906","created"
"New York","Casa Carmen Flatiron","$35 3-Course Prix Fixe Lunch Menu","4.6","152","Tue, Wed, Thu, Fri 11:30–15:30 (local time)","2025-09-10","","","","https://www.opentable.com/restaurant/profile/1359169","https://www.opentable.com/restaurant/profile/1359169","https://www.opentable.com/restaurant/profile/1359169","907","created"
"New York","Hawksmoor NYC","Lunch Specials","4.5","4183","Mon, Tue, Wed, Thu, Fri, Sat 12:00–15:00 (local time); Sun 11:45–16:30 (local time)","","","","","https://www.opentable.com/restaurant/profile/1052086","https://www.opentable.com/restaurant/profile/1052086","https://www.opentable.com/restaurant/profile/1052086","908","created"
"New York","Filé Gumbo Bar","3-Course Lunch Pre-Fixe","4.5","1097","Mon, Tue, Wed, Thu, Fri 11:30–16:00 (local time)","2025-01-03","","2023-11-23; 2026-10-12","","https://www.opentable.com/restaurant/profile/1178713","https://www.opentable.com/restaurant/profile/1178713","https://www.opentable.com/restaurant/profile/1178713","909","created"
"New York","Musaafer - New York","2 Course Lunch Tasting Menu","4.5","867","Mon, Tue, Wed, Thu, Fri 11:45–14:45 (local time)","","","","","https://www.opentable.com/restaurant/profile/1317106","https://www.opentable.com/restaurant/profile/1317106","https://www.opentable.com/restaurant/profile/1317106","910","created"
"New York","Bazar Tapas Bar and Restaurant","Make Lunch an Escape","4.5","754","Mon, Tue, Wed, Thu, Fri 11:30–16:00 (local time)","2026-09-08","","","","https://www.opentable.com/restaurant/profile/984619","https://www.opentable.com/restaurant/profile/984619","https://www.opentable.com/restaurant/profile/984619","911","created"
"New York","Shiraz Kitchen & Wine Bar - Chelsea","Three-Course Lunch, $35, Mon to Fri","4.5","394","Mon, Tue, Wed, Thu, Fri 11:30–15:30 (local time)","2026-04-07","","","","https://www.opentable.com/restaurant/profile/1070116","https://www.opentable.com/restaurant/profile/1070116","https://www.opentable.com/restaurant/profile/1070116","912","created"
"Boston","Vinny's Ristorante","Vinny's Lunch Specials","4.9","761","Mon, Tue, Wed, Thu, Fri 11:00–15:00 (local time)","","","","","https://www.opentable.com/restaurant/profile/147790","https://www.opentable.com/restaurant/profile/147790","https://www.opentable.com/restaurant/profile/147790","913","created"
"Boston","Row 34 - Burlington","Power Lunch at Row 34 - Burlington","4.7","2154","Sun, Thu, Fri, Sat 11:30–16:30 (local time)","2025-09-11","","2025-11-30; 2025-12-07; 2025-12-14; 2025-12-21; 2025-12-28; 2026-01-04; 2026-01-11; 2026-01-18; 2026-01-25; 2026-02-01; 2026-02-08; 2026-02-15; 2026-04-05; 2026-05-10; 2026-06-21; 2026-09-26","","https://www.opentable.com/restaurant/profile/346684","https://www.opentable.com/restaurant/profile/346684","https://www.opentable.com/restaurant/profile/346684","724","updated"
"Boston","Davio's - Boston Seaport","Power Lunch","4.6","2872","Mon, Tue, Wed, Thu, Fri 11:30–15:00 (local time)","2025-09-19","","2026-11-26; 2026-12-31; 2027-01-01","","https://www.opentable.com/restaurant/profile/1054816","https://www.opentable.com/restaurant/profile/1054816","https://www.opentable.com/restaurant/profile/1054816","914","created"
"Boston","Ramsays Kitchen - Boston","Express Lunch Menu","4.6","975","Mon, Tue, Wed, Thu, Fri 11:30–15:00 (local time)","2025-07-09","2027-06-30","2025-07-12; 2025-07-13; 2025-07-19; 2025-07-20; 2025-07-26; 2025-07-27; 2025-08-02; 2025-08-03; 2025-08-09; 2025-08-10; 2025-08-16; 2025-08-17; 2025-08-23; 2025-08-24; 2025-08-30; 2025-08-31; 2025-09-06; 2025-09-07; 2025-09-13; 2025-09-14; 2025-09-20; 2025-09-21; 2025-09-27; 2025-09-28; 2025-10-04; 2025-10-05; 2025-10-11; 2025-10-12; 2025-10-18; 2025-10-19; 2025-10-25; 2025-10-26; 2025-11-01; 2025-11-02; 2025-11-08; 2025-11-09; 2025-11-15; 2025-11-16; 2025-11-22; 2025-11-23; 2025-11-27; 2025-11-29; 2025-11-30; 2025-12-06; 2025-12-07; 2025-12-13; 2025-12-14; 2025-12-20; 2025-12-21; 2025-12-25; 2025-12-26; 2025-12-27; 2025-12-28; 2026-01-03; 2026-01-04; 2026-01-10; 2026-01-11; 2026-01-17; 2026-01-18; 2026-01-24; 2026-01-25; 2026-01-31; 2026-02-01; 2026-02-07; 2026-02-08; 2026-02-14; 2026-02-15; 2026-02-21; 2026-02-22; 2026-02-28; 2026-03-01; 2026-03-07; 2026-03-08; 2026-03-14; 2026-03-15; 2026-03-21; 2026-03-22; 2026-03-28; 2026-03-29; 2026-04-04; 2026-04-05; 2026-04-11; 2026-04-12; 2026-04-18; 2026-04-19; 2026-04-25; 2026-04-26; 2026-05-02; 2026-05-03; 2026-05-09; 2026-05-10; 2026-05-16; 2026-05-17; 2026-05-23; 2026-05-24; 2026-05-30; 2026-05-31; 2026-06-06; 2026-06-07; 2026-06-13; 2026-06-14; 2026-06-20; 2026-06-21; 2026-06-27; 2026-06-28; 2026-07-04; 2026-07-05; 2026-07-11; 2026-07-12; 2026-07-18; 2026-07-19; 2026-07-25; 2026-07-26; 2026-08-01; 2026-08-02; 2026-08-08; 2026-08-09; 2026-08-15; 2026-08-16; 2026-08-22; 2026-08-23; 2026-08-29; 2026-08-30; 2026-09-05; 2026-09-06; 2026-09-12; 2026-09-13; 2026-09-19; 2026-09-20; 2026-09-26; 2026-09-27; 2026-10-03; 2026-10-04; 2026-10-10; 2026-10-11; 2026-10-17; 2026-10-18; 2026-10-24; 2026-10-25; 2026-10-31; 2026-11-01; 2026-11-07; 2026-11-08; 2026-11-14; 2026-11-15; 2026-11-21; 2026-11-22; 2026-11-26; 2026-11-27; 2026-11-28; 2026-11-29; 2026-12-05; 2026-12-06; 2026-12-12; 2026-12-13; 2026-12-19; 2026-12-20; 2026-12-24; 2026-12-25; 2026-12-26; 2026-12-27; 2026-12-31; 2027-01-01; 2027-01-02; 2027-01-03; 2027-01-09; 2027-01-10; 2027-01-16; 2027-01-17; 2027-01-23; 2027-01-24; 2027-01-30; 2027-01-31; 2027-02-06; 2027-02-07; 2027-02-13; 2027-02-14; 2027-02-20; 2027-02-21; 2027-02-27; 2027-02-28; 2027-03-06; 2027-03-07; 2027-03-13; 2027-03-14; 2027-03-20; 2027-03-21; 2027-03-27; 2027-03-28; 2027-04-03; 2027-04-04; 2027-04-10; 2027-04-11; 2027-04-17; 2027-04-18; 2027-04-24; 2027-04-25; 2027-05-01; 2027-05-02; 2027-05-08; 2027-05-09; 2027-05-15; 2027-05-16; 2027-05-22; 2027-05-23; 2027-05-29; 2027-05-30; 2027-06-05; 2027-06-06; 2027-06-12; 2027-06-13; 2027-06-19; 2027-06-20; 2027-06-26; 2027-06-27","","https://www.opentable.com/restaurant/profile/1356322","https://www.opentable.com/restaurant/profile/1356322","https://www.opentable.com/restaurant/profile/1356322","915","created"
"Boston","Vermilion","Express Lunch At Vermilion","4.6","324","Mon, Tue, Wed, Thu, Fri 11:30–14:30 (local time)","2026-07-11","","2026-11-26; 2026-12-24; 2026-12-31","","https://www.opentable.com/restaurant/profile/1380364","https://www.opentable.com/restaurant/profile/1380364","https://www.opentable.com/restaurant/profile/1380364","916","created"
