venue_id,city,restaurant,menu_label,item_count,published_source
55,new-york,"Gyu-Kaku Japanese BBQ - New York, NY | East Village Manhattan",Happy hour,52,https://www.opentable.com/restaurant/profile/7703
95,los-angeles,Perch LA,Happy hour,12,https://www.opentable.com/restaurant/profile/67720
102,los-angeles,"Gyu-Kaku Japanese BBQ - Pasadena, CA | Old Town",Happy hour,52,https://www.opentable.com/restaurant/profile/8038
109,los-angeles,Il Cielo Gardens Restaurant & Bar,Happy hour,11,https://www.opentable.com/restaurant/profile/14230
111,los-angeles,"Gyu-Kaku Japanese BBQ - Beverly Hills, CA | La Cienega",Happy hour,52,https://www.opentable.com/restaurant/profile/7116
124,san-diego,Pacifica Del Mar,Happy hour,14,https://www.opentable.com/restaurant/profile/583
125,san-diego,Culinary Dropout - Del Mar,Happy hour,16,https://www.opentable.com/restaurant/profile/1426009
181,san-francisco,Lolinda,Published specials,8,https://www.opentable.com/restaurant/profile/135919
185,san-francisco,NOVY,Published specials,27,https://www.opentable.com/restaurant/profile/254083
187,san-francisco,The Brixton,Published specials,17,https://www.opentable.com/restaurant/profile/52858
190,san-francisco,Destapas SF,Published specials,4,https://www.opentable.com/restaurant/profile/1225576
196,san-francisco,Popi's Oysterette,Published specials,10,https://www.opentable.com/restaurant/profile/1280263
197,san-francisco,Delarosa - Yerba Buena,Published specials,12,https://www.opentable.com/restaurant/profile/253624
203,san-francisco,Tacolicious - Mission District,Published specials,10,https://www.opentable.com/restaurant/profile/1025680
214,seattle,Duke's Seafood - Green Lake,Published specials,24,https://www.opentable.com/restaurant/profile/158533
216,seattle,Von's 1000Spirits - Seattle,Published specials,12,https://www.opentable.com/restaurant/profile/148747
219,seattle,RockCreek Seafood & Spirits - Seattle,Published specials,20,https://www.opentable.com/restaurant/profile/151123
221,seattle,Volterra Kirkland,Published specials,16,https://www.opentable.com/restaurant/profile/94396
223,seattle,2120,Published specials,22,https://www.opentable.com/restaurant/profile/348751
225,seattle,Charlotte Restaurant & Lounge,Published specials,3,https://www.opentable.com/restaurant/profile/1090921
231,seattle,Sharps RoastHouse,Published specials,12,https://www.opentable.com/restaurant/profile/148750
232,seattle,Half Shell,Published specials,14,https://www.opentable.com/restaurant/profile/1362886
234,seattle,Von's 1000 Spirits - Kirkland,Published specials,12,https://www.opentable.com/restaurant/profile/1493272
235,seattle,Salty's on Alki Beach,Published specials,44,https://www.opentable.com/restaurant/profile/358
236,seattle,Toulouse Petit Kitchen & Lounge,Published specials,28,https://www.opentable.com/restaurant/profile/46096
238,seattle,Duke's Seafood - Lake Union,Published specials,24,https://www.opentable.com/restaurant/profile/158545
246,seattle,Sugo Hand Roll Bar,Published specials,18,https://www.opentable.com/restaurant/profile/1223179
250,seattle,Firn,Published specials,5,https://www.opentable.com/restaurant/profile/1422013
253,seattle,Heritage Restaurant | Bar,Published specials,11,https://www.opentable.com/restaurant/profile/1002610
257,san-jose,Cafe Cruz Rosticceria & Bar,Published specials,22,https://www.opentable.com/restaurant/profile/273874
258,san-jose,"Gyu-Kaku Japanese BBQ - Cupertino, CA | The Marketplace",Published specials,52,https://www.opentable.com/restaurant/profile/71017
268,san-jose,"Gyu-Kaku Japanese BBQ - San Jose, CA | Downtown SJ",Published specials,52,https://www.opentable.com/restaurant/profile/1223275
269,san-jose,San Agus Cocina Urbana & Cocktails,Published specials,11,https://www.opentable.com/restaurant/profile/1144831
281,phoenix,The Greene House - Kierland Commons,Published specials,18,https://www.opentable.com/restaurant/profile/5643
282,phoenix,"Tonto Bar & Grill (Lunch reservations not required, excluding holidays)",Published specials,16,https://www.opentable.com/restaurant/profile/150568
283,phoenix,Grassroots Kitchen & Tap Scottsdale,Published specials,11,https://www.opentable.com/restaurant/profile/186676
286,phoenix,High Tide - Gilbert,Published specials,14,https://www.opentable.com/restaurant/profile/1179247
287,phoenix,Thompson 105 Woodfired Grill + Cocktails,Published specials,14,https://www.opentable.com/restaurant/profile/1205902
294,phoenix,Blanco Cocina + Cantina – Peoria,Published specials,12,https://www.opentable.com/restaurant/profile/1387300
302,phoenix,White Chocolate Grill - Scottsdale,Published specials,41,https://www.opentable.com/restaurant/profile/28867
303,phoenix,Olive & Ivy Restaurant & Marketplace,Published specials,13,https://www.opentable.com/restaurant/profile/7407
305,phoenix,Roaring Fork - Scottsdale,Published specials,19,https://www.opentable.com/restaurant/profile/5545
307,phoenix,North Italia – Kierland Commons,Published specials,31,https://www.opentable.com/restaurant/profile/5644
309,phoenix,The Arrogant Butcher,Published specials,12,https://www.opentable.com/restaurant/profile/58057
310,phoenix,Roka Akor - Scottsdale,Published specials,46,https://www.opentable.com/restaurant/profile/19426
312,phoenix,Culinary Dropout at the Yard - Tempe,Published specials,12,https://www.opentable.com/restaurant/profile/158968
313,phoenix,Culinary Dropout Waterfront,Published specials,12,https://www.opentable.com/restaurant/profile/138610
317,phoenix,Culinary Dropout at The Quarter,Published specials,13,https://www.opentable.com/restaurant/profile/1064317
318,phoenix,North Italia – Arcadia,Published specials,31,https://www.opentable.com/restaurant/profile/88504
320,phoenix,The Collins Small Batch Kitchen,Published specials,15,https://www.opentable.com/restaurant/profile/984727
321,phoenix,Blanco Cocina + Cantina – The Borgata,Published specials,12,https://www.opentable.com/restaurant/profile/212959
322,phoenix,Culinary Dropout at the Yard - Phoenix,Published specials,12,https://www.opentable.com/restaurant/profile/140677
323,phoenix,The Macintosh,Published specials,14,https://www.opentable.com/restaurant/profile/170233
336,san-antonio,North Italia - San Antonio,Published specials,31,https://www.opentable.com/restaurant/profile/1064164
339,san-antonio,Tokyo Cowboy,Published specials,23,https://www.opentable.com/restaurant/profile/1340380
348,austin,The Salty Sow,Published specials,16,https://www.opentable.com/restaurant/profile/86803
352,austin,Freda's Seafood Grille,Published specials,23,https://www.opentable.com/restaurant/profile/161971
365,austin,Culinary Dropout - Austin,Published specials,12,https://www.opentable.com/restaurant/profile/334660
368,austin,Ranch 616,Published specials,12,https://www.opentable.com/restaurant/profile/15220
374,austin,Comedor,Published specials,19,https://www.opentable.com/restaurant/profile/1131643
399,fort-worth,Stellini Trattoria,Published specials,8,https://www.opentable.com/restaurant/profile/1237225
411,fort-worth,Wishbone and Flynt,Published specials,12,https://www.opentable.com/restaurant/profile/1066099
412,fort-worth,Rock & Brews - Grapevine,Published specials,11,https://www.opentable.com/restaurant/profile/1376275
417,dallas,Moxies - Dallas,Published specials,2,https://www.opentable.com/restaurant/profile/334570
418,dallas,Arthur's Steakhouse,Published specials,12,https://www.opentable.com/restaurant/profile/144658
426,dallas,The Standard Pour,Published specials,5,https://www.opentable.com/restaurant/profile/1014043
437,dallas,"Gyu-Kaku Japanese BBQ - Dallas, TX | Addison (Prestonwood Place)",Published specials,52,https://www.opentable.com/restaurant/profile/334672
442,dallas,North Italia - Dallas Galleria,Published specials,31,https://www.opentable.com/restaurant/profile/1346194
450,dallas,Culinary Dropout – Dallas,Published specials,18,https://www.opentable.com/restaurant/profile/1360828
451,dallas,Winsome Prime,Published specials,4,https://www.opentable.com/restaurant/profile/1417882
470,houston,Hearsay Market Square,Published specials,6,https://www.opentable.com/restaurant/profile/72331
472,houston,Jonathan's The Rub at Campbell Place,Published specials,29,https://www.opentable.com/restaurant/profile/212173
474,houston,Flora,Published specials,16,https://www.opentable.com/restaurant/profile/1237570
475,houston,Pane e Vino,Published specials,6,https://www.opentable.com/restaurant/profile/1122400
480,houston,Jonathan's The Rub - East End,Published specials,30,https://www.opentable.com/restaurant/profile/1353742
485,houston,Grotto - Houston,Published specials,18,https://www.opentable.com/restaurant/profile/64501
487,houston,Churrascos-Sugar Land,Published specials,16,https://www.opentable.com/restaurant/profile/70261
494,houston,Warehouse 72,Published specials,19,https://www.opentable.com/restaurant/profile/1034221
498,houston,Tobiuo Sushi & Bar,Published specials,30,https://www.opentable.com/restaurant/profile/1005277
501,houston,"Gyu-Kaku Japanese BBQ - Houston, TX | Memorial",Published specials,52,https://www.opentable.com/restaurant/profile/1043965
509,houston,The Annie Café & Bar,Published specials,18,https://www.opentable.com/restaurant/profile/1812
514,chicago,Café Ba-Ba-Reeba,Published specials,17,https://www.opentable.com/restaurant/profile/1162
516,chicago,RPM Steak,Published specials,20,https://www.opentable.com/restaurant/profile/144913
517,chicago,Tanta,Published specials,16,https://www.opentable.com/restaurant/profile/114397
521,chicago,Lil' Ba-Ba-Reeba!,Published specials,14,https://www.opentable.com/restaurant/profile/1168585
528,chicago,Spice by CMB,Published specials,15,https://www.opentable.com/restaurant/profile/1409938
531,chicago,RPM Italian - Chicago,Published specials,1,https://www.opentable.com/restaurant/profile/80437
534,chicago,Athena Restaurant,Published specials,13,https://www.opentable.com/restaurant/profile/114994
535,chicago,The Dawson,Published specials,4,https://www.opentable.com/restaurant/profile/112060
537,chicago,The Oakville Grill & Cellar,Published specials,17,https://www.opentable.com/restaurant/profile/1279912
559,columbus,Hyde Park Prime Steakhouse-Downtown Columbus,Published specials,19,https://www.opentable.com/restaurant/profile/275590
560,columbus,Three Creeks Kitchen and Cocktails,Published specials,5,https://www.opentable.com/restaurant/profile/1378843
593,columbus,Trattoria Roma on Grandview Avenue,Published specials,26,https://www.opentable.com/restaurant/profile/4148
603,jacksonville,Town Hall,Published specials,18,https://www.opentable.com/restaurant/profile/729892
609,jacksonville,Oaxaca Club,Published specials,21,https://www.opentable.com/restaurant/profile/1251622
617,charlotte,North Italia - Charlotte - South End,Published specials,17,https://www.opentable.com/restaurant/profile/1052530
618,charlotte,"Gyu-Kaku Japanese BBQ - Charlotte, NC | Second Ward",Published specials,52,https://www.opentable.com/restaurant/profile/1049830
623,miami,R House Wynwood,Published specials,22,https://www.opentable.com/restaurant/profile/117238
630,miami,Runyon's,Published specials,14,https://www.opentable.com/restaurant/profile/218545
632,miami,Tin Tin,Published specials,21,https://www.opentable.com/restaurant/profile/1476010
637,miami,Takato Restaurant,Published specials,16,https://www.opentable.com/restaurant/profile/984631
642,miami,Sea Grill - Coral Gables,Published specials,18,https://www.opentable.com/restaurant/profile/1036351
656,miami,Donatella,Published specials,21,https://www.opentable.com/restaurant/profile/1399582
658,miami,MAYU,Published specials,4,https://www.opentable.com/restaurant/profile/1319314
670,miami,Pisco y Nazca Ceviche Gastrobar - Kendall,Published specials,32,https://www.opentable.com/restaurant/profile/189604
671,miami,North Italia – Miami (Mary Brickell),Published specials,31,https://www.opentable.com/restaurant/profile/1010716
682,philadelphia,Steak 38 Tabernacle,Published specials,32,https://www.opentable.com/restaurant/profile/1259701
684,philadelphia,"Gyu-Kaku Japanese BBQ - Philadelphia, PA | Logan Square (The Granary)",Published specials,52,https://www.opentable.com/restaurant/profile/148126
687,philadelphia,IL Villaggio Restaurant & Bar,Published specials,4,https://www.opentable.com/restaurant/profile/115720
702,philadelphia,Square 1682,Published specials,5,https://www.opentable.com/restaurant/profile/35443
703,philadelphia,Marcello's Bordentown,Published specials,9,https://www.opentable.com/restaurant/profile/250639
705,philadelphia,Piccolo Trattoria - Newtown,Published specials,22,https://www.opentable.com/restaurant/profile/38008
707,philadelphia,LaScala's Fire - Marlton,Published specials,17,https://www.opentable.com/restaurant/profile/214366
708,philadelphia,Xolo Tacos,Published specials,8,https://www.opentable.com/restaurant/profile/186235
716,philadelphia,Charlie was a sinner.,Published specials,8,https://www.opentable.com/restaurant/profile/149497
725,boston,"Gyu-Kaku Japanese BBQ - Brookline, MA | Beacon Street",Published specials,52,https://www.opentable.com/restaurant/profile/102382
728,boston,"Gyu-Kaku Japanese BBQ - Dorchester, MA | South Bay Center",Published specials,52,https://www.opentable.com/restaurant/profile/1041538
729,boston,"Gyu-Kaku Japanese BBQ  - Burlington, MA | The Village Mall",Published specials,52,https://www.opentable.com/restaurant/profile/1214944
737,boston,The Banks Seafood and Steak,Published specials,15,https://www.opentable.com/restaurant/profile/35197
164,san-diego,Brigantine Del Mar,Happy hour,42,https://order.toasttab.com/online/brigantine-del-mar-3263-camino-del-mar
